Row ID;Row Name;baseWepId;gemId;reinforceLv
10;Longsword +6 - test gem 1;2000000;10;6;
20;Blank +6 - Lion's Claw;100000;80;6;
21;Blank +6 - Lion's Claw;100000;80;6;
22;Blank +6 - Lion's Claw;100500;85;6;
23;Blank +6 - Lion's Claw;100500;85;6;
80;Longsword +0 - Lion's Claw;2000000;80;0;
81;Heavy Longsword +0 - Lion's Claw;2000100;81;0;
82;Keen Longsword +0 - Lion's Claw;2000200;82;0;
83;Quality Longsword +0 - Lion's Claw;2000300;83;0;
84;Fire Longsword +0 - Lion's Claw;2000400;84;0;
85;Flame Art Longsword +0 - Lion's Claw;2000500;85;0;
86;Lightning Longsword +0 - Lion's Claw;2000600;86;0;
87;Sacred Longsword +0 - Lion's Claw;2000700;87;0;
88;Magic Longsword +0 - Lion's Claw;2000800;88;0;
89;Cold Longsword +0 - Lion's Claw;2000900;89;0;
90;Poison Longsword +0 - Lion's Claw;2001000;90;0;
100;Bastard Sword +0 - Lion's Claw;3000000;100;0;
101;Longsword +0 - Impaling Thrust;2000000;101;0;
102;Uchigatana +0 - Piercing Fang;9000000;102;0;
103;Longsword +0 - Spinning Slash;2000000;103;0;
104;Bastard Sword +0 - Spinning Slash;3000000;103;0;
105;Lance +0 - Charge Forth;17060000;105;0;
106;Bastard Sword +0 - Stamp (Upward Cut);3000000;106;0;
107;Greatsword +0 - Stamp (Sweep);4000000;107;0;
108;Longsword +0 - Blood Tax;2000000;108;0;
109;Longsword +0 - Repeating Thrust;2000000;109;0;
110;Battle Axe +0 - Wild Strikes;14000000;110;0;
111;Halberd +0 - Spinning Strikes;18000000;111;0;
112;Uchigatana +0 - Double Slash;9000000;112;0;
113;Prelate's Inferno Crozier +0 - Prelate's Charge;23000000;113;0;
114;Uchigatana +0 - Unsheathe;9000000;114;0;
115;Longsword +0 - Square Off;2000000;115;0;
116;Lance +0 - Giant Hunt;17060000;116;0;
117;Torch +0 - Torch Attack;24000000;117;0;
118;Twinblade +0 - Loretta's Slash;10000000;118;0;
119;Longsword +0 - Poison Moth Flight;2000000;119;0;
120;Longsword +0 - Spinning Weapon;2000000;120;0;
121;Longsword +0 -;2000000;121;0;
122;Banished Knight's Halberd +0 - Storm Assault;18030000;122;0;
123;Banished Knight's Halberd +0 - Stormcaller;18030000;123;0;
124;Longsword +0 - Glintblade Phalanx;2000000;20000;0;
125;Longsword +0 - Sacred Blade;2000000;20100;0;
126;Short Spear +0 - Ice Spear;16000000;20200;0;
127;Longsword +0 - Glintstone Pebble;2000000;20300;0;
128;Longsword +0 - Bloody Slash;2000000;128;0;
129;Caestus +0 - Lifesteal Fist;21000000;129;0;
130;Great Mace +0 - Eruption;12060000;130;0;
131;Great Mace +0 - Prayerful Strike;12060000;131;0;
132;Blank +0 - Gravitas;8000000;132;0;
133;Longsword +0 - Storm Blade;2000000;133;0;
134;Nightrider Glaive +0 - Phantom Slash;18050000;134;0;
135;Great Mace +0 - Earthshaker;12060000;135;0;
136;Great Mace +0 - Golden Land;12060000;136;0;
137;Longsword +0 - Flaming Strike;2000000;137;0;
138;Short Spear +0 - Thunderbolt;16000000;138;0;
139;Uchigatana +0 - Lightning Slash;9000000;139;0;
140;Longsword +0 - Carian Grandeur;2000000;21800;0;
141;Longsword +0 - Carian Greatsword;2000000;21900;0;
142;Longsword +0 - Vacuum Slice;2000000;22000;0;
143;Twinblade +0 - Black Flame Tornado;10000000;22100;0;
144;Short Spear +0 - Sacred Ring of Light;16000000;144;0;
145;Short Spear +0 - Spectral Lance;16000000;22600;0;
146;Kite Shield +0 - Shield Bash;31000000;146;0;
147;Kite Shield +0 - Barricade Shield;31000000;147;0;
148;Kite Shield +0 - Parry;31000000;148;0;
149;Buckler +0 - Buckler Parry;30000000;149;0;
151;Kite Shield +0 - Carian Retaliation;31000000;151;0;
152;Kite Shield +0 - Storm Wall;31000000;152;0;
153;Kite Shield +0 - Golden Parry;31000000;153;0;
154;Kite Shield +0 - Shield Crash;31000000;154;0;
155;Lion Greatbow +0 - Through and Through;42000000;155;0;
156;Longbow +0 - Barrage;41000000;156;0;
157;Longbow +0 - Mighty Shot;41000000;157;0;
158;Longbow +0 - Enchanted Shot;41000000;158;0;
159;Longbow +0 - Sky Shot;41000000;159;0;
160;Lion Greatbow +0 - Rain of Arrows;42000000;160;0;
161;Longbow +0 -;41000000;161;0;
163;Longsword +0 -;2000000;163;0;
164;Longsword +0 - Hoarfrost Stomp;2000000;164;0;
165;Longsword +0 - Storm Stomp;2000000;165;0;
166;Longsword +0 - Kick;2000000;166;0;
167;Longsword +0 - Lightning Ram;2000000;167;0;
168;Longsword +0 - Flame of the Redmanes;2000000;168;0;
169;Longsword +0 - Ground Slam;2000000;169;0;
170;Longsword +0 - Golden Slam;2000000;170;0;
171;Great Mace +0 - Waves of Darkness;12060000;171;0;
172;Caestus +0 - Hoarah Loux's Earthshaker;21000000;50900;0;
173;Longsword +0 - Determination;2000000;173;0;
174;Longsword +0 - Assassin's Gambit;2000000;174;0;
175;Longsword +0 - Golden Vow;2000000;175;0;
176;Longsword +0 - Sacred Order;2000000;176;0;
177;Longsword +0 - Seppuku;2000000;177;0;
178;Greatsword +0 - Cragblade;4000000;178;0;
179;Longsword +0 - Shared Order;2000000;179;0;
180;Longsword +0 - Barbaric Roar;2000000;180;0;
181;Longsword +0 - Beast's Roar;2000000;181;0;
182;Longsword +0 -;2000000;182;0;
183;Longsword +0 - Braggart's Roar;2000000;183;0;
184;Longsword +0 - Troll's Roar;2000000;184;0;
185;Mace +0 - Endure;11000000;185;0;
186;Kite Shield +0 - Vow of the Indomitable;31000000;186;0;
187;Kite Shield +0 - Holy Ground;31000000;187;0;
188;Great Club +0 - Endure;23020000;185;0;
189;Caestus +0 - Endure;21000000;185;0;
190;Longsword +0 - Quickstep;2000000;190;0;
191;Longsword +0 - Bloodhound's Step;2000000;191;0;
192;Longsword +0 - Raptor of the Mists;2000000;80200;0;
193;Longsword +0 - Royal Knight's Resolve;2000000;60100;0;
194;Longsword +0 - White Shadow's Lure;2000000;194;0;
197;Twinblade +0 - Spinning Slash;10000000;103;0;
198;Short Spear +0 - Spinning Slash;16000000;103;0;
199;Short Spear +0 - Loretta's Slash;16000000;118;0;
200;Short Spear +0 - Storm Assault;16000000;122;0;
201;Short Spear +0 - Stormcaller;16000000;123;0;
202;Longsword +0 - Sword Dance;2000000;195;0;
203;Bastard Sword +0 - Sword Dance;3000000;195;0;
204;Short Spear +0 - Sword Dance;16000000;195;0;
205;Torch +0 - Firebreather;24000000;196;0;
206;Longsword +0 - Blood Blade;2000000;197;0;
207;Dragon Towershield +0 - Shield Bash;32000000;146;0;
208;Buckler +0 - Shield Bash;30000000;146;0;
209;Dragon Towershield +0 - Barricade Shield;32000000;147;0;
210;Buckler +0 - Barricade Shield;30000000;147;0;
211;Buckler +0 - Parry;30000000;148;0;
212;Dagger +0 - Parry;1000000;148;0;
213;Falchion +0 - Parry;7000000;148;0;
214;Dragon Towershield +0 - Shield Crash;32000000;154;0;
215;Buckler +0 - Shield Crash;30000000;154;0;
216;Kite Shield +0 - Thops's Barrier;31000000;198;0;
217;Short Spear +0 - Determination;16000000;173;0;
218;Short Spear +0 - Black Flame Tornado;16000000;22100;0;
219;Lance +0 - Black Flame Tornado;17060000;22100;0;
220;Lucerne +0 - Black Flame Tornado;18020000;22100;0;
221;Scythe +0 - Black Flame Tornado;19000000;22100;0;
300;Hookclaws +0 - Barbaric Roar;22000000;65000;0;
301;Longsword +0 - Barbaric Roar;2000000;65000;0;
302;Twinblade +0 - Barbaric Roar;10000000;65000;0;
303;Bastard Sword +0 - Barbaric Roar;3000000;65000;0;
304;Greatsword +0 - Barbaric Roar;4000000;65000;0;
305;Falchion +0 - Barbaric Roar;7000000;65000;0;
306;Uchigatana +0 - Barbaric Roar;9000000;65000;0;
307;Battle Axe +0 - Barbaric Roar;14000000;65000;0;
308;Duelist Greataxe +0 - Barbaric Roar;23040000;65000;0;
309;Watchdog's Staff +0 - Barbaric Roar;23010000;65000;0;
310;Greataxe +0 - Barbaric Roar;15000000;65000;0;
311;Mace +0 - Barbaric Roar;11000000;65000;0;
312;Flail +0 - Barbaric Roar;13010000;65000;0;
313;Great Mace +0 - Barbaric Roar;12060000;65000;0;
314;Short Spear +0 - Barbaric Roar;16000000;65000;0;
315;Mohgwyn's Sacred Spear +0 - Barbaric Roar;17010000;65000;0;
316;Halberd +0 - Barbaric Roar;18000000;65000;0;
317;Blank +0 - Barbaric Roar;8000000;65000;0;
318;Caestus +0 - Barbaric Roar;21000000;65000;0;
319;Scythe +0 - Barbaric Roar;19000000;65000;0;
320;Hookclaws +0 - War Cry;22000000;65100;0;
321;Longsword +0 - War Cry;2000000;65100;0;
322;Twinblade +0 - War Cry;10000000;65100;0;
323;Bastard Sword +0 - War Cry;3000000;65100;0;
324;Greatsword +0 - War Cry;4000000;65100;0;
325;Falchion +0 - War Cry;7000000;65100;0;
326;Uchigatana +0 - War Cry;9000000;65100;0;
327;Battle Axe +0 - War Cry;14000000;65100;0;
328;Duelist Greataxe +0 - War Cry;23040000;65100;0;
329;Watchdog's Staff +0 - War Cry;23010000;65100;0;
330;Greataxe +0 - War Cry;15000000;65100;0;
331;Mace +0 - War Cry;11000000;65100;0;
332;Flail +0 - War Cry;13010000;65100;0;
333;Great Mace +0 - War Cry;12060000;65100;0;
334;Short Spear +0 - War Cry;16000000;65100;0;
335;Mohgwyn's Sacred Spear +0 - War Cry;17010000;65100;0;
336;Halberd +0 - War Cry;18000000;65100;0;
337;Blank +0 - War Cry;8000000;65100;0;
338;Caestus +0 - War Cry;21000000;65100;0;
339;Scythe +0 - War Cry;19000000;65100;0;
340;Bastard Sword +0 - Double Slash;3000000;112;0;
341;Banished Knight's Halberd +0 - Double Slash;18030000;112;0;
345;Bastard Sword +0 - Bloody Slash;3000000;128;0;
346;Twinblade +0 - Bloody Slash;10000000;128;0;
350;Longsword +0 - Chilling Mist;2000000;22700;0;
355;Longsword +0 - Poisonous Mist;2000000;22800;0;
360;Twinblade +0 - Ice Spear;10000000;20200;0;
365;Caestus +0 - Thunderbolt;21000000;138;0;
370;Banished Knight's Halberd +0 - Lightning Slash;18030000;139;0;
500;Scimitar +0 - Storm Blade;7140000;21000;0;
501;Spear +0 - Determination;16010000;60000;0;
502;Club +0 - Blank;11010000;0;0;
503;Rickety Shield +0 - Holy Ground;30030000;70200;0;
504;Bastard Sword +0 - Thunderbolt;3000000;21600;0;
1000;Bastard Sword +0 - Lion's Claw;3000000;1000;0;
1001;Longsword +0 - Impaling Thrust;2000000;1001;0;
1002;Longsword +0 - Spinning Slash;2000000;1002;0;
1003;Short Spear +0 -;16000000;1003;0;
1004;Flame Art Longsword +0 - Glintblade Phalanx;2000500;1004;0;
1005;Poison Longsword +0 -;2001000;1005;0;
1006;Sacred Bastard Sword +0 - Eruption;3000700;1006;0;
1007;Quality Bastard Sword +0 - Gravitas;3000300;1007;0;
1008;Quality Longsword +0 - Storm Blade;2000300;1008;0;
1009;Heavy Bastard Sword +0 - Earthshaker;3000100;1009;0;
1010;Magic Longsword +0 - Flaming Strike;2000800;1010;0;
1011;Cold Short Spear +0 - Thunderbolt;16000900;1011;0;
1012;Flame Art Longsword +0 - Carian Greatsword;2000500;1012;0;
1013;Heavy Longsword +0 - Storm Stomp;2000100;1013;0;
1014;Quality Longsword +0 - Determination;2000300;1014;0;
1015;Fire Longsword +0 - Holy Ground;2000400;1015;0;
1016;Keen Longsword +0 - Quickstep;2000200;1016;0;
1017;Keen Longsword +0 - Raptor of the Mists;2000200;1017;0;
3010;Blank +4 - No Skill;34910000;30900;4;
3040;Blank +4 - Storm Assault;17900000;12200;4;
3041;Blank +0 - No Skill;34970000;30900;0;
3042;Blank +5 - No Skill;34970000;30900;5;
3090;Spear +7 - Kick;16010000;50300;7;
3091;Blank +10 - No Skill;32900000;30900;10;
3092;Spear +0 - Kick;16010000;50300;0;
3093;Blank +0 - No Skill;32900000;30900;0;
3110;Banished Knight's Halberd +8 - Spinning Strikes;18030000;11100;8;
3111;Blank +0 - No Skill;34950000;30900;0;
3120;Flamberge +9 - Flaming Strike;3050000;21400;9;
3121;Blank +10 - No Skill;33950000;30900;10;
3122;Blank +0 - Flaming Strike;3900000;21400;0;
3123;Blank +0 - No Skill;33940000;30900;0;
3140;Hoslow's Petal Whip +3 - Kick;20050000;50300;3;
3141;Blank +10 - No Skill;32920000;30900;10;
3160;Blank +6 - No Skill;33930000;30900;6;
3180;Nagakiba +7 - Impaling Thrust;9010000;10100;7;
3181;Blank +10 - No Skill;34990000;30900;10;
3182;Uchigatana +5 - Impaling Thrust;9000000;10100;5;
3183;Blank +7 - Impaling Thrust;9930000;10100;7;
3190;Inseparable Sword +1 - Sacred Order;2090000;60400;1;
3191;Blank +10 - No Skill;34980000;30900;10;
3192;Blank +1 - Sacred Order;2092000;60400;1;
3193;Blank +10 - No Skill;34940000;30900;10;
3210;Erdsteel Dagger +10 - Sacred Order;1150000;60400;10;
3211;Blank +0 - No Skill;34940000;30900;0;
3230;Sword of Milos +10 - Blank;3160000;0;10;
3240;Blank +7 - No Skill;33950000;30900;7;
3241;Blank +8 - No Skill;34910000;30900;8;
3250;Rogier's Rapier +10 - Glintblade Phalanx;5030000;20000;10;
3251;Blank +10 - No Skill;33960000;30900;10;
3260;Blank +6 - Vacuum Slice;4900000;22000;6;
3261;Blank +10 - No Skill;34910000;30900;10;
3262;Devourer's Scepter +7 - Blank;12200000;0;7;
3270;Eleonora's Poleblade +2 - Blank;10050000;0;2;
3271;Blank +0 - No Skill;34950000;30900;0;
3290;Great epee +8 - Repeating Thrust;6020000;10900;8;
3291;Blank +10 - No Skill;33920000;30900;10;
3292;Blank +0 - Blank;6900000;0;0;
3293;Blank +0 - No Skill;33930000;30900;0;
3310;Iron Ball +7 - Braggart's Roar;21070000;65400;7;
3330;Blank +5 - No Skill;33930000;30900;5;
3340;Stormhawk Axe +4 - Blank;14140000;0;4;
3350;Scavenger's Curved Sword +10 - Beast's Roar;7080000;65200;10;
3351;Blank +10 - No Skill;34910000;30900;10;
3390;Clinging Bone +3 - Blank;21110000;0;3;
3391;Blank +6 - No Skill;33970000;30900;6;
3400;Raptor Talons +8 - Raptor of the Mists;22030000;80200;8;
3430;Reduvia +10 - Blank;1040000;0;10;
3440;Blank +8 - Ground Slam;23930000;50600;8;
3441;Blank +10 - No Skill;43900000;30900;10;
3442;Blank +0 - Ground Slam;23930000;50600;0;
3443;Blank +0 - No Skill;43900000;30900;0;
3450;Blank +6 - Gravitas;8900000;20900;6;
3460;Scorpion's Stinger +5 - Quickstep;1080000;80000;5;
3461;Crepus's Black-Key Crossbow +10 - No Skill;43110000;30900;10;
3470;Hoslow's Petal Whip +9 - Bloodhound's Step;20050000;80100;9;
3510;Flail +5 - Blank;13010000;0;5;
3511;Blank +5 - No Skill;34930000;30900;5;
3520;Blank +0 - No Skill;33940000;30900;0;
3530;Blank +6 - Wild Strikes;15900000;11000;6;
3531;Sacred Butchering Knife +6 - Wild Strikes;15120700;11000;6;
3532;Sacred Butchering Knife +7 - Prayerful Strike;15120700;20800;7;
3550;Rivers of Blood +4 - Blank;9040000;0;4;
3551;Wakizashi +10 - Quickstep;1100000;80000;10;
3552;Rivers of Blood +0 - Blank;9040000;0;0;
3553;Wakizashi +0 - Quickstep;1100000;80000;0;
3560;Flail +10 - Wild Strikes;13010000;11000;10;
3561;Blank +0 - No Skill;34920000;30900;0;
3590;Carian Knight's Sword +2 - Glintblade Phalanx;2180000;20000;2;
3591;Carian Knight's Shield +10 - Carian Retaliation;31190000;30500;10;
3592;Blank +0 - No Skill;33940000;30900;0;
3600;Godslayer's Greatsword +6 - Blank;4070000;0;6;
3610;Quality Twinblade +18 - Spinning Slash;10000300;10300;18;
3611;Iron Roundshield +18 - No Skill;30120000;30900;18;
3612;Quality Twinblade +25 - Spinning Slash;10000300;10300;25;
3613;Iron Roundshield +25 - No Skill;30120000;30900;25;
3670;Blank +7 - Seppuku;9900000;60600;7;
3671;Wakizashi +8 - No Skill;1100000;30900;8;
3680;Light Crossbow +9 - Kick;43020000;50300;9;
3681;Mace +8 - Kick;11000000;50300;8;
3682;Blank +6 - Kick;4900000;50300;6;
3683;Short Spear +6 - Kick;16000000;50300;6;
3684;Inverted Hawk Towershield +9 - No Skill;32210000;30900;9;
3690;Blank +6 - Eruption;12900000;20700;6;
3700;Blank +18 - Endure;23900000;70000;18;
3701;Blank +18 - No Skill;23910000;30900;18;
3702;Blank +25 - Endure;23900000;70000;25;
3703;Blank +25 - No Skill;23910000;30900;25;
3710;Blank +18 - Quickstep;33940000;80000;18;
3711;Heater Shield +18 - No Skill;31330000;30900;18;
3712;Blank +25 - Quickstep;33940000;80000;25;
3713;Heater Shield +25 - No Skill;31330000;30900;25;
3720;Antspur Rapier +10 - Impaling Thrust;5040000;10100;10;
3721;Blank +10 - No Skill;34940000;30900;10;
3730;Keen Misericorde +25 - Poison Moth Flight;1030200;11900;25;
3731;Buckler +25 - Parry;30000000;30200;25;
3740;Heavy Great Mace +25 - Prayerful Strike;12060100;20800;25;
3741;Banished Knight's Shield +25 - No Skill;31030000;30900;25;
3750;Magic Estoc +25 - Parry;5000800;30200;25;
3751;Albinauric Staff +25 - No Skill;33190000;30900;25;
3760;Black Knife +3 - Blank;1010000;0;3;
3761;Blank +10 - No Skill;33920000;30900;10;
3770;Blood Misericorde +10 - Blood Tax;1031100;10800;10;
3771;Blank +10 - No Skill;34910000;30900;10;
3800;Blank +6 - No Skill;33980000;30900;6;
3820;Blank +0 - No Skill;34920000;30900;0;
3821;One-Eyed Shield +10 - Blank;32150000;0;10;
3830;Torchpole +2 - Kick;16080000;50300;2;
3831;Blank +10 - No Skill;34920000;30900;10;
3840;Ghiza's Wheel +7 - Blank;23100000;0;7;
3850;Cold Scythe +7 - Sword Dance;19000900;12400;7;
3851;Staff of the Guilty +7 - No Skill;33260000;30900;7;
3860;Reduvia +10 - Blank;1040000;0;10;
3861;Blank +10 - No Skill;34940000;30900;10;
3870;Halo Scythe +3 - Blank;19020000;0;3;
3880;Blank +6 - Charge Forth;17910000;10500;6;
3890;Flowing Curved Sword +7 - Sword Dance;7060000;12400;7;
3900;Blank +7 - Blank;1190000;0;7;
3901;Blank +7 - No Skill;34940000;30900;7;
5000;Banished Knight's Halberd +8 - Spinning Strikes;18030000;11100;8;
5010;Rogier's Rapier +8 - Glintblade Phalanx;5030000;20000;8;
5020;Spear +7 - Charge Forth;16010000;10500;7;
5030;Nagakiba +0 - Piercing Fang;9010000;10200;0;
5040;Iron Ball +0 - Braggart's Roar;21070000;65400;0;
9000;Magic Ice Crest Shield +25 - Carian Retaliation;30140800;30500;25;
9001;Heavy Giant-Crusher +25 - Bloodhound's Step;23110100;80100;25;
9002;Heavy Stone Club +25 - Hoarah Loux's Earthshaker;11140100;50900;25;
9003;Heavy Greatsword +25 - Bloodhound's Step;4000100;80100;25;
9004;Quality Grossmesser +25 - Sword Dance;7150300;12400;25;
9005;Banished Knight's Quality Greatsword +25 - Storm Stomp;3080300;50200;25;
9006;Hoslow's Keen Petal Whip +25 - Bloodhound's Step;20050200;80100;25;
9007;Composite Bow +25 - Barrage;40050000;40100;25;
10001;Heavy Longsword +25 - Lion's Claw;2000100;10000;25;
10002;Heavy Bastard Sword +25 - Lion's Claw;3000100;10000;25;
10003;Heavy Greatsword +25 - Lion's Claw;4000100;10000;25;
10004;Heavy Falchion +25 - Lion's Claw;7000100;10000;25;
10005;Heavy Dismounter +25 - Lion's Claw;8020100;10000;25;
10006;Heavy Uchigatana +25 - Lion's Claw;9000100;10000;25;
10007;Heavy Twinblade +25 - Lion's Claw;10000100;10000;25;
10010;Heavy Battle Axe +25 - Lion's Claw;14000100;10000;25;
10011;Heavy Greataxe +25 - Lion's Claw;15000100;10000;25;
10012;Heavy Mace +25 - Lion's Claw;11000100;10000;25;
10013;Heavy Large Club +25 - Lion's Claw;12000100;10000;25;
10014;Heavy Nightrider Flail +25 - Lion's Claw;13000100;10000;25;
10022;Heavy Duelist Greataxe +25 - Lion's Claw;23040100;10000;25;
10050;Keen Dagger +25 - Impaling Thrust;1000200;10100;25;
10051;Keen Longsword +25 - Impaling Thrust;2000200;10100;25;
10052;Keen Bastard Sword +25 - Impaling Thrust;3000200;10100;25;
10056;Keen Uchigatana +25 - Impaling Thrust;9000200;10100;25;
10057;Keen Twinblade +25 - Impaling Thrust;10000200;10100;25;
10058;Keen Rapier +25 - Impaling Thrust;5020200;10100;25;
10059;Keen Great epee +25 - Impaling Thrust;6020200;10100;25;
10065;Keen Short Spear +25 - Impaling Thrust;16000200;10100;25;
10066;Keen Lance +25 - Impaling Thrust;17060200;10100;25;
10067;Keen Halberd +25 - Impaling Thrust;18000200;10100;25;
10101;Keen Longsword +25 - Piercing Fang;2000200;10200;25;
10102;Keen Bastard Sword +25 - Piercing Fang;3000200;10200;25;
10106;Keen Uchigatana +25 - Piercing Fang;9000200;10200;25;
10107;Keen Twinblade +25 - Piercing Fang;10000200;10200;25;
10108;Keen Rapier +25 - Piercing Fang;5020200;10200;25;
10109;Keen Great epee +25 - Piercing Fang;6020200;10200;25;
10115;Keen Short Spear +25 - Piercing Fang;16000200;10200;25;
10116;Keen Lance +25 - Piercing Fang;17060200;10200;25;
10117;Keen Halberd +25 - Piercing Fang;18000200;10200;25;
10150;Keen Dagger +25 - Spinning Slash;1000200;10300;25;
10151;Keen Longsword +25 - Spinning Slash;2000200;10300;25;
10152;Keen Bastard Sword +25 - Spinning Slash;3000200;10300;25;
10154;Keen Falchion +25 - Spinning Slash;7000200;10300;25;
10155;Keen Dismounter +25 - Spinning Slash;8020200;10300;25;
10156;Keen Uchigatana +25 - Spinning Slash;9000200;10300;25;
10157;Keen Twinblade +25 - Spinning Slash;10000200;10300;25;
10160;Keen Battle Axe +25 - Spinning Slash;14000200;10300;25;
10161;Keen Greataxe +25 - Spinning Slash;15000200;10300;25;
10165;Keen Short Spear +25 - Spinning Slash;16000200;10300;25;
10166;Keen Lance +25 - Spinning Slash;17060200;10300;25;
10167;Keen Halberd +25 - Spinning Slash;18000200;10300;25;
10168;Keen Scythe +25 - Spinning Slash;19000200;10300;25;
10207;Quality Twinblade +25 - Charge Forth;10000300;10500;25;
10209;Quality Great epee +25 - Charge Forth;6020300;10500;25;
10215;Quality Short Spear +25 - Charge Forth;16000300;10500;25;
10216;Quality Lance +25 - Charge Forth;17060300;10500;25;
10217;Quality Halberd +25 - Charge Forth;18000300;10500;25;
10252;Heavy Bastard Sword +25 - Stamp (Upward Cut);3000100;10600;25;
10253;Heavy Greatsword +25 - Stamp (Upward Cut);4000100;10600;25;
10255;Heavy Dismounter +25 - Stamp (Upward Cut);8020100;10600;25;
10260;Heavy Battle Axe +25 - Stamp (Upward Cut);14000100;10600;25;
10261;Heavy Greataxe +25 - Stamp (Upward Cut);15000100;10600;25;
10262;Heavy Mace +25 - Stamp (Upward Cut);11000100;10600;25;
10263;Heavy Large Club +25 - Stamp (Upward Cut);12000100;10600;25;
10264;Heavy Nightrider Flail +25 - Stamp (Upward Cut);13000100;10600;25;
10272;Heavy Duelist Greataxe +25 - Stamp (Upward Cut);23040100;10600;25;
10302;Heavy Bastard Sword +25 - Stamp (Sweep);3000100;10700;25;
10303;Heavy Greatsword +25 - Stamp (Sweep);4000100;10700;25;
10305;Heavy Dismounter +25 - Stamp (Sweep);8020100;10700;25;
10310;Heavy Battle Axe +25 - Stamp (Sweep);14000100;10700;25;
10311;Heavy Greataxe +25 - Stamp (Sweep);15000100;10700;25;
10312;Heavy Mace +25 - Stamp (Sweep);11000100;10700;25;
10313;Heavy Large Club +25 - Stamp (Sweep);12000100;10700;25;
10314;Heavy Nightrider Flail +25 - Stamp (Sweep);13000100;10700;25;
10322;Heavy Duelist Greataxe +25 - Stamp (Sweep);23040100;10700;25;
10350;Blood Dagger +25 - Blood Tax;1001100;10800;25;
10351;Bloody Longsword +25 - Blood Tax;2001100;10800;25;
10352;Bloody Bastard Sword +25 - Blood Tax;3001100;10800;25;
10356;Blood Uchigatana +25 - Blood Tax;9001100;10800;25;
10357;Bloody Twinblade +25 - Blood Tax;10001100;10800;25;
10358;Blood Rapier +25 - Blood Tax;5021100;10800;25;
10359;Blood Great epee +25 - Blood Tax;6021100;10800;25;
10365;Blood Short Spear +25 - Blood Tax;16001100;10800;25;
10366;Bloody Lance +25 - Blood Tax;17061100;10800;25;
10367;Blood Halberd +25 - Blood Tax;18001100;10800;25;
10400;Keen Dagger +25 - Repeating Thrust;1000200;10900;25;
10401;Keen Longsword +25 - Repeating Thrust;2000200;10900;25;
10402;Keen Bastard Sword +25 - Repeating Thrust;3000200;10900;25;
10406;Keen Uchigatana +25 - Repeating Thrust;9000200;10900;25;
10407;Keen Twinblade +25 - Repeating Thrust;10000200;10900;25;
10408;Keen Rapier +25 - Repeating Thrust;5020200;10900;25;
10409;Keen Great epee +25 - Repeating Thrust;6020200;10900;25;
10415;Keen Short Spear +25 - Repeating Thrust;16000200;10900;25;
10416;Keen Lance +25 - Repeating Thrust;17060200;10900;25;
10417;Keen Halberd +25 - Repeating Thrust;18000200;10900;25;
10452;Quality Bastard Sword +25 - Wild Strikes;3000300;11000;25;
10454;Quality Falchion +25 - Wild Strikes;7000300;11000;25;
10455;Quality Dismounter +25 - Wild Strikes;8020300;11000;25;
10460;Quality Battle Axe +25 - Wild Strikes;14000300;11000;25;
10461;Quality Greataxe +25 - Wild Strikes;15000300;11000;25;
10462;Quality Mace +25 - Wild Strikes;11000300;11000;25;
10463;Quality Large Club +25 - Wild Strikes;12000300;11000;25;
10464;Quality Nightrider Flail +25 - Wild Strikes;13000300;11000;25;
10468;Quality Scythe +25 - Wild Strikes;19000300;11000;25;
10515;Heavy Short Spear +25 - Spinning Strikes;16000100;11100;25;
10517;Heavy Halberd +25 - Spinning Strikes;18000100;11100;25;
10518;Heavy Scythe +25 - Spinning Strikes;19000100;11100;25;
10550;Keen Dagger +25 - Double Slash;1000200;11200;25;
10551;Keen Longsword +25 - Double Slash;2000200;11200;25;
10552;Keen Bastard Sword +25 - Double Slash;3000200;11200;25;
10554;Keen Falchion +25 - Double Slash;7000200;11200;25;
10555;Keen Dismounter +25 - Double Slash;8020200;11200;25;
10556;Keen Uchigatana +25 - Double Slash;9000200;11200;25;
10557;Keen Twinblade +25 - Double Slash;10000200;11200;25;
10567;Keen Halberd +25 - Double Slash;18000200;11200;25;
10568;Keen Scythe +25 - Double Slash;19000200;11200;25;
10611;Flame Art Greataxe +25 - Prelate's Charge;15000500;11300;25;
10613;Flame Art Large Club +25 - Prelate's Charge;12000500;11300;25;
10622;Flame Art Duelist Greataxe +25 - Prelate's Charge;23040500;11300;25;
10656;Keen Uchigatana +25 - Unsheathe;9000200;11400;25;
10701;Quality Longsword +25 - Square Off;2000300;11500;25;
10752;Quality Bastard Sword +25 - Giant Hunt;3000300;11600;25;
10753;Quality Greatsword +25 - Giant Hunt;4000300;11600;25;
10757;Quality Twinblade +25 - Giant Hunt;10000300;11600;25;
10759;Quality Great epee +25 - Giant Hunt;6020300;11600;25;
10765;Quality Short Spear +25 - Giant Hunt;16000300;11600;25;
10766;Quality Lance +25 - Giant Hunt;17060300;11600;25;
10767;Quality Halberd +25 - Giant Hunt;18000300;11600;25;
10807;Magic Twinblade +25 - Loretta's Slash;10000800;11800;25;
10815;Magic Short Spear +25 - Loretta's Slash;16000800;11800;25;
10816;Magic Lance +25 - Loretta's Slash;17060800;11800;25;
10817;Magic Halberd +25 - Loretta's Slash;18000800;11800;25;
10818;Magic Scythe +25 - Loretta's Slash;19000800;11800;25;
10850;Poison Dagger +25 - Poison Moth Flight;1001000;11900;25;
10851;Poison Longsword +25 - Poison Moth Flight;2001000;11900;25;
10854;Poison Falchion +25 - Poison Moth Flight;7001000;11900;25;
10856;Poison Uchigatana +25 - Poison Moth Flight;9001000;11900;25;
10858;Poison Rapier +25 - Poison Moth Flight;5021000;11900;25;
10900;Magic Dagger +25 - Spinning Weapon;1000800;12000;25;
10901;Magic Longsword +25 - Spinning Weapon;2000800;12000;25;
10904;Magic Falchion +25 - Spinning Weapon;7000800;12000;25;
10906;Magic Uchigatana +25 - Spinning Weapon;9000800;12000;25;
10907;Magic Twinblade +25 - Spinning Weapon;10000800;12000;25;
10908;Magic Rapier +25 - Spinning Weapon;5020800;12000;25;
10910;Magic Battle Axe +25 - Spinning Weapon;14000800;12000;25;
10912;Magic Mace +25 - Spinning Weapon;11000800;12000;25;
10914;Magic Nightrider Flail +25 - Spinning Weapon;13000800;12000;25;
10915;Magic Short Spear +25 - Spinning Weapon;16000800;12000;25;
10917;Magic Halberd +25 - Spinning Weapon;18000800;12000;25;
10918;Magic Scythe +25 - Spinning Weapon;19000800;12000;25;
10957;Quality Twinblade +25 - Storm Assault;10000300;12200;25;
10959;Quality Great epee +25 - Storm Assault;6020300;12200;25;
10965;Quality Short Spear +25 - Storm Assault;16000300;12200;25;
10966;Quality Lance +25 - Storm Assault;17060300;12200;25;
10967;Quality Halberd +25 - Storm Assault;18000300;12200;25;
11001;Quality Longsword +25 - Stormcaller;2000300;12300;25;
11002;Quality Bastard Sword +25 - Stormcaller;3000300;12300;25;
11004;Quality Falchion +25 - Stormcaller;7000300;12300;25;
11005;Quality Dismounter +25 - Stormcaller;8020300;12300;25;
11006;Quality Uchigatana +25 - Stormcaller;9000300;12300;25;
11007;Quality Twinblade +25 - Stormcaller;10000300;12300;25;
11010;Quality Battle Axe +25 - Stormcaller;14000300;12300;25;
11011;Quality Greataxe +25 - Stormcaller;15000300;12300;25;
11012;Quality Mace +25 - Stormcaller;11000300;12300;25;
11013;Quality Large Club +25 - Stormcaller;12000300;12300;25;
11014;Quality Nightrider Flail +25 - Stormcaller;13000300;12300;25;
11015;Quality Short Spear +25 - Stormcaller;16000300;12300;25;
11016;Quality Lance +25 - Stormcaller;17060300;12300;25;
11017;Quality Halberd +25 - Stormcaller;18000300;12300;25;
11018;Quality Scythe +25 - Stormcaller;19000300;12300;25;
11050;Keen Dagger +25 - Sword Dance;1000200;12400;25;
11051;Keen Longsword +25 - Sword Dance;2000200;12400;25;
11052;Keen Bastard Sword +25 - Sword Dance;3000200;12400;25;
11054;Keen Falchion +25 - Sword Dance;7000200;12400;25;
11055;Keen Dismounter +25 - Sword Dance;8020200;12400;25;
11056;Keen Uchigatana +25 - Sword Dance;9000200;12400;25;
11057;Keen Twinblade +25 - Sword Dance;10000200;12400;25;
11060;Keen Battle Axe +25 - Sword Dance;14000200;12400;25;
11061;Keen Greataxe +25 - Sword Dance;15000200;12400;25;
11067;Keen Halberd +25 - Sword Dance;18000200;12400;25;
11068;Keen Scythe +25 - Sword Dance;19000200;12400;25;
11100;Magic Dagger +25 - Glintblade Phalanx;1000800;20000;25;
11101;Magic Longsword +25 - Glintblade Phalanx;2000800;20000;25;
11102;Magic Bastard Sword +25 - Glintblade Phalanx;3000800;20000;25;
11104;Magic Falchion +25 - Glintblade Phalanx;7000800;20000;25;
11105;Magic Dismounter +25 - Glintblade Phalanx;8020800;20000;25;
11106;Magic Uchigatana +25 - Glintblade Phalanx;9000800;20000;25;
11107;Magic Twinblade +25 - Glintblade Phalanx;10000800;20000;25;
11108;Magic Rapier +25 - Glintblade Phalanx;5020800;20000;25;
11109;Magic Great epee +25 - Glintblade Phalanx;6020800;20000;25;
11115;Magic Short Spear +25 - Glintblade Phalanx;16000800;20000;25;
11116;Magic Lance +25 - Glintblade Phalanx;17060800;20000;25;
11117;Magic Halberd +25 - Glintblade Phalanx;18000800;20000;25;
11150;Sacred Dagger +25 - Sacred Blade;1000700;20100;25;
11151;Sacred Longsword +25 - Sacred Blade;2000700;20100;25;
11152;Sacred Bastard Sword +25 - Sacred Blade;3000700;20100;25;
11153;Sacred Greatsword +25 - Sacred Blade;4000700;20100;25;
11154;Sacred Falchion +25 - Sacred Blade;7000700;20100;25;
11155;Sacred Dismounter +25 - Sacred Blade;8020700;20100;25;
11156;Sacred Uchigatana +25 - Sacred Blade;9000700;20100;25;
11157;Sacred Twinblade +25 - Sacred Blade;10000700;20100;25;
11158;Sacred Rapier +25 - Sacred Blade;5020700;20100;25;
11159;Sacred Great epee +25 - Sacred Blade;6020700;20100;25;
11160;Sacred Battle Axe +25 - Sacred Blade;14000700;20100;25;
11161;Sacred Greataxe +25 - Sacred Blade;15000700;20100;25;
11162;Sacred Mace +25 - Sacred Blade;11000700;20100;25;
11163;Sacred Large Club +25 - Sacred Blade;12000700;20100;25;
11164;Sacred Nightrider Flail +25 - Sacred Blade;13000700;20100;25;
11165;Sacred Short Spear +25 - Sacred Blade;16000700;20100;25;
11166;Sacred Lance +25 - Sacred Blade;17060700;20100;25;
11167;Sacred Halberd +25 - Sacred Blade;18000700;20100;25;
11168;Sacred Scythe +25 - Sacred Blade;19000700;20100;25;
11169;Sacred Caestus +25 - Sacred Blade;21000700;20100;25;
11170;Sacred Hookclaws +25 - Sacred Blade;22000700;20100;25;
11172;Sacred Duelist Greataxe +25 - Sacred Blade;23040700;20100;25;
11207;Cold Twinblade +25 - Ice Spear;10000900;20200;25;
11215;Cold Short Spear +25 - Ice Spear;16000900;20200;25;
11216;Cold Lance +25 - Ice Spear;17060900;20200;25;
11217;Cold Halberd +25 - Ice Spear;18000900;20200;25;
11250;Magic Dagger +25 - Glintstone Pebble;1000800;20300;25;
11251;Magic Longsword +25 - Glintstone Pebble;2000800;20300;25;
11252;Magic Bastard Sword +25 - Glintstone Pebble;3000800;20300;25;
11254;Magic Falchion +25 - Glintstone Pebble;7000800;20300;25;
11255;Magic Dismounter +25 - Glintstone Pebble;8020800;20300;25;
11256;Magic Uchigatana +25 - Glintstone Pebble;9000800;20300;25;
11257;Magic Twinblade +25 - Glintstone Pebble;10000800;20300;25;
11258;Magic Rapier +25 - Glintstone Pebble;5020800;20300;25;
11259;Magic Great epee +25 - Glintstone Pebble;6020800;20300;25;
11265;Magic Short Spear +25 - Glintstone Pebble;16000800;20300;25;
11266;Magic Lance +25 - Glintstone Pebble;17060800;20300;25;
11267;Magic Halberd +25 - Glintstone Pebble;18000800;20300;25;
11300;Blood Dagger +25 - Bloody Slash;1001100;20400;25;
11301;Bloody Longsword +25 - Bloody Slash;2001100;20400;25;
11302;Bloody Bastard Sword +25 - Bloody Slash;3001100;20400;25;
11304;Blood Falchion +25 - Bloody Slash;7001100;20400;25;
11305;Blood Dismounter +25 - Bloody Slash;8021100;20400;25;
11306;Blood Uchigatana +25 - Bloody Slash;9001100;20400;25;
11307;Bloody Twinblade +25 - Bloody Slash;10001100;20400;25;
11308;Blood Rapier +25 - Bloody Slash;5021100;20400;25;
11309;Blood Great epee +25 - Bloody Slash;6021100;20400;25;
11369;Blood Caestus +25 - Lifesteal Fist;21001100;20500;25;
11370;Blood Hookclaws +25 - Lifesteal Fist;22001100;20500;25;
11402;Fire Bastard Sword +25 - Eruption;3000400;20700;25;
11403;Fire Greatsword +25 - Eruption;4000400;20700;25;
11405;Fire Dismounter +25 - Eruption;8020400;20700;25;
11411;Fire Greataxe +25 - Eruption;15000400;20700;25;
11413;Fire Large Club +25 - Eruption;12000400;20700;25;
11422;Fire Duelist Greataxe +25 - Eruption;23040400;20700;25;
11460;Sacred Battle Axe +25 - Prayerful Strike;14000700;20800;25;
11461;Sacred Greataxe +25 - Prayerful Strike;15000700;20800;25;
11462;Sacred Mace +25 - Prayerful Strike;11000700;20800;25;
11463;Sacred Large Club +25 - Prayerful Strike;12000700;20800;25;
11464;Sacred Nightrider Flail +25 - Prayerful Strike;13000700;20800;25;
11472;Sacred Duelist Greataxe +25 - Prayerful Strike;23040700;20800;25;
11501;Magic Longsword +25 - Gravitas;2000800;20900;25;
11502;Magic Bastard Sword +25 - Gravitas;3000800;20900;25;
11503;Magic Greatsword +25 - Gravitas;4000800;20900;25;
11504;Magic Falchion +25 - Gravitas;7000800;20900;25;
11505;Magic Dismounter +25 - Gravitas;8020800;20900;25;
11506;Magic Uchigatana +25 - Gravitas;9000800;20900;25;
11507;Magic Twinblade +25 - Gravitas;10000800;20900;25;
11508;Magic Rapier +25 - Gravitas;5020800;20900;25;
11509;Magic Great epee +25 - Gravitas;6020800;20900;25;
11510;Magic Battle Axe +25 - Gravitas;14000800;20900;25;
11511;Magic Greataxe +25 - Gravitas;15000800;20900;25;
11512;Magic Mace +25 - Gravitas;11000800;20900;25;
11513;Magic Large Club +25 - Gravitas;12000800;20900;25;
11514;Magic Nightrider Flail +25 - Gravitas;13000800;20900;25;
11515;Magic Short Spear +25 - Gravitas;16000800;20900;25;
11516;Magic Lance +25 - Gravitas;17060800;20900;25;
11517;Magic Halberd +25 - Gravitas;18000800;20900;25;
11518;Magic Scythe +25 - Gravitas;19000800;20900;25;
11522;Magic Duelist Greataxe +25 - Gravitas;23040800;20900;25;
11550;Quality Dagger +25 - Storm Blade;1000300;21000;25;
11551;Quality Longsword +25 - Storm Blade;2000300;21000;25;
11552;Quality Bastard Sword +25 - Storm Blade;3000300;21000;25;
11554;Quality Falchion +25 - Storm Blade;7000300;21000;25;
11555;Quality Dismounter +25 - Storm Blade;8020300;21000;25;
11556;Quality Uchigatana +25 - Storm Blade;9000300;21000;25;
11558;Quality Rapier +25 - Storm Blade;5020300;21000;25;
11603;Heavy Greatsword +25 - Earthshaker;4000100;21200;25;
11611;Heavy Greataxe +25 - Earthshaker;15000100;21200;25;
11613;Heavy Large Club +25 - Earthshaker;12000100;21200;25;
11616;Heavy Lance +25 - Earthshaker;17060100;21200;25;
11622;Heavy Duelist Greataxe +25 - Earthshaker;23040100;21200;25;
11653;Sacred Greatsword +25 - Golden Land;4000700;21300;25;
11661;Sacred Greataxe +25 - Golden Land;15000700;21300;25;
11663;Sacred Large Club +25 - Golden Land;12000700;21300;25;
11666;Sacred Lance +25 - Golden Land;17060700;21300;25;
11672;Sacred Duelist Greataxe +25 - Golden Land;23040700;21300;25;
11700;Fire Dagger +25 - Flaming Strike;1000400;21400;25;
11701;Fire Longsword +25 - Flaming Strike;2000400;21400;25;
11702;Fire Bastard Sword +25 - Flaming Strike;3000400;21400;25;
11703;Fire Greatsword +25 - Flaming Strike;4000400;21400;25;
11704;Fire Falchion +25 - Flaming Strike;7000400;21400;25;
11705;Fire Dismounter +25 - Flaming Strike;8020400;21400;25;
11706;Fire Uchigatana +25 - Flaming Strike;9000400;21400;25;
11707;Fire Twinblade +25 - Flaming Strike;10000400;21400;25;
11708;Fire Rapier +25 - Flaming Strike;5020400;21400;25;
11709;Fire Great epee +25 - Flaming Strike;6020400;21400;25;
11710;Fire Battle Axe +25 - Flaming Strike;14000400;21400;25;
11711;Fire Greataxe +25 - Flaming Strike;15000400;21400;25;
11712;Fire Mace +25 - Flaming Strike;11000400;21400;25;
11713;Fire Large Club +25 - Flaming Strike;12000400;21400;25;
11714;Fire Nightrider Flail +25 - Flaming Strike;13000400;21400;25;
11715;Fire Short Spear +25 - Flaming Strike;16000400;21400;25;
11716;Fire Lance +25 - Flaming Strike;17060400;21400;25;
11717;Fire Halberd +25 - Flaming Strike;18000400;21400;25;
11718;Fire Scythe +25 - Flaming Strike;19000400;21400;25;
11719;Fire Caestus +25 - Flaming Strike;21000400;21400;25;
11720;Fire Hookclaws +25 - Flaming Strike;22000400;21400;25;
11722;Fire Duelist Greataxe +25 - Flaming Strike;23040400;21400;25;
11750;Lightning Dagger +25 - Thunderbolt;1000600;21600;25;
11751;Lightning Longsword +25 - Thunderbolt;2000600;21600;25;
11752;Lightning Bastard Sword +25 - Thunderbolt;3000600;21600;25;
11753;Lightning Greatsword +25 - Thunderbolt;4000600;21600;25;
11754;Lightning Falchion +25 - Thunderbolt;7000600;21600;25;
11755;Lightning Dismounter +25 - Thunderbolt;8020600;21600;25;
11756;Lightning Uchigatana +25 - Thunderbolt;9000600;21600;25;
11757;Lightning Twinblade +25 - Thunderbolt;10000600;21600;25;
11758;Lightning Rapier +25 - Thunderbolt;5020600;21600;25;
11759;Lightning Great epee +25 - Thunderbolt;6020600;21600;25;
11760;Lightning Battle Axe +25 - Thunderbolt;14000600;21600;25;
11761;Lightning Greataxe +25 - Thunderbolt;15000600;21600;25;
11762;Lightning Mace +25 - Thunderbolt;11000600;21600;25;
11763;Lightning Large Club +25 - Thunderbolt;12000600;21600;25;
11764;Lightning Nightrider Flail +25 - Thunderbolt;13000600;21600;25;
11765;Lightning Short Spear +25 - Thunderbolt;16000600;21600;25;
11766;Lightning Lance +25 - Thunderbolt;17060600;21600;25;
11767;Lightning Halberd +25 - Thunderbolt;18000600;21600;25;
11768;Lightning Scythe +25 - Thunderbolt;19000600;21600;25;
11769;Lightning Caestus +25 - Thunderbolt;21000600;21600;25;
11770;Lightning Hookclaws +25 - Thunderbolt;22000600;21600;25;
11771;Lightning Whip +25 - Thunderbolt;20000600;21600;25;
11772;Lightning Duelist Greataxe +25 - Thunderbolt;23040600;21600;25;
11800;Lightning Dagger +25 - Lightning Slash;1000600;21700;25;
11801;Lightning Longsword +25 - Lightning Slash;2000600;21700;25;
11802;Lightning Bastard Sword +25 - Lightning Slash;3000600;21700;25;
11803;Lightning Greatsword +25 - Lightning Slash;4000600;21700;25;
11804;Lightning Falchion +25 - Lightning Slash;7000600;21700;25;
11805;Lightning Dismounter +25 - Lightning Slash;8020600;21700;25;
11806;Lightning Uchigatana +25 - Lightning Slash;9000600;21700;25;
11807;Lightning Twinblade +25 - Lightning Slash;10000600;21700;25;
11808;Lightning Rapier +25 - Lightning Slash;5020600;21700;25;
11809;Lightning Great epee +25 - Lightning Slash;6020600;21700;25;
11810;Lightning Battle Axe +25 - Lightning Slash;14000600;21700;25;
11811;Lightning Greataxe +25 - Lightning Slash;15000600;21700;25;
11812;Lightning Mace +25 - Lightning Slash;11000600;21700;25;
11813;Lightning Large Club +25 - Lightning Slash;12000600;21700;25;
11814;Lightning Nightrider Flail +25 - Lightning Slash;13000600;21700;25;
11822;Lightning Duelist Greataxe +25 - Lightning Slash;23040600;21700;25;
11850;Magic Dagger +25 - Carian Grandeur;1000800;21800;25;
11851;Magic Longsword +25 - Carian Grandeur;2000800;21800;25;
11852;Magic Bastard Sword +25 - Carian Grandeur;3000800;21800;25;
11854;Magic Falchion +25 - Carian Grandeur;7000800;21800;25;
11855;Magic Dismounter +25 - Carian Grandeur;8020800;21800;25;
11856;Magic Uchigatana +25 - Carian Grandeur;9000800;21800;25;
11857;Magic Twinblade +25 - Carian Grandeur;10000800;21800;25;
11858;Magic Rapier +25 - Carian Grandeur;5020800;21800;25;
11859;Magic Great epee +25 - Carian Grandeur;6020800;21800;25;
11900;Magic Dagger +25 - Carian Greatsword;1000800;21900;25;
11901;Magic Longsword +25 - Carian Greatsword;2000800;21900;25;
11902;Magic Bastard Sword +25 - Carian Greatsword;3000800;21900;25;
11904;Magic Falchion +25 - Carian Greatsword;7000800;21900;25;
11905;Magic Dismounter +25 - Carian Greatsword;8020800;21900;25;
11906;Magic Uchigatana +25 - Carian Greatsword;9000800;21900;25;
11907;Magic Twinblade +25 - Carian Greatsword;10000800;21900;25;
11908;Magic Rapier +25 - Carian Greatsword;5020800;21900;25;
11909;Magic Great epee +25 - Carian Greatsword;6020800;21900;25;
11950;Quality Dagger +25 - Vacuum Slice;1000300;22000;25;
11951;Quality Longsword +25 - Vacuum Slice;2000300;22000;25;
11952;Quality Bastard Sword +25 - Vacuum Slice;3000300;22000;25;
11953;Quality Greatsword +25 - Vacuum Slice;4000300;22000;25;
11954;Quality Falchion +25 - Vacuum Slice;7000300;22000;25;
11955;Quality Dismounter +25 - Vacuum Slice;8020300;22000;25;
11956;Quality Uchigatana +25 - Vacuum Slice;9000300;22000;25;
11957;Quality Twinblade +25 - Vacuum Slice;10000300;22000;25;
11958;Quality Rapier +25 - Vacuum Slice;5020300;22000;25;
11959;Quality Great epee +25 - Vacuum Slice;6020300;22000;25;
11960;Quality Battle Axe +25 - Vacuum Slice;14000300;22000;25;
11961;Quality Greataxe +25 - Vacuum Slice;15000300;22000;25;
12007;Flame Art Twinblade +25 - Black Flame Tornado;10000500;22100;25;
12015;Flame Art Short Spear +25 - Black Flame Tornado;16000500;22100;25;
12016;Flame Art Lance +25 - Black Flame Tornado;17060500;22100;25;
12017;Flame Art Halberd +25 - Black Flame Tornado;18000500;22100;25;
12018;Flame Art Scythe +25 - Black Flame Tornado;19000500;22100;25;
12065;Sacred Short Spear +25 - Sacred Ring of Light;16000700;22200;25;
12067;Sacred Halberd +25 - Sacred Ring of Light;18000700;22200;25;
12068;Sacred Scythe +25 - Sacred Ring of Light;19000700;22200;25;
12100;Blood Dagger +25 - Blood Blade;1001100;22400;25;
12101;Bloody Longsword +25 - Blood Blade;2001100;22400;25;
12104;Blood Falchion +25 - Blood Blade;7001100;22400;25;
12106;Blood Uchigatana +25 - Blood Blade;9001100;22400;25;
12107;Bloody Twinblade +25 - Blood Blade;10001100;22400;25;
12108;Blood Rapier +25 - Blood Blade;5021100;22400;25;
12157;Quality Twinblade +25 - Phantom Slash;10000300;22500;25;
12165;Quality Short Spear +25 - Phantom Slash;16000300;22500;25;
12167;Quality Halberd +25 - Phantom Slash;18000300;22500;25;
12168;Quality Scythe +25 - Phantom Slash;19000300;22500;25;
12215;Occult Short Spear +25 - Spectral Lance;16001200;22600;25;
12216;Occult Lance +25 - Spectral Lance;17061200;22600;25;
12217;Occult Halberd +25 - Spectral Lance;18001200;22600;25;
12250;Cold Dagger +25 - Chilling Mist;1000900;22700;25;
12251;Cold Longsword +25 - Chilling Mist;2000900;22700;25;
12252;Cold Bastard Sword +25 - Chilling Mist;3000900;22700;25;
12253;Cold Greatsword +25 - Chilling Mist;4000900;22700;25;
12254;Cold Falchion +25 - Chilling Mist;7000900;22700;25;
12255;Cold Dismounter +25 - Chilling Mist;8020900;22700;25;
12256;Cold Uchigatana +25 - Chilling Mist;9000900;22700;25;
12257;Cold Twinblade +25 - Chilling Mist;10000900;22700;25;
12258;Cold Rapier +25 - Chilling Mist;5020900;22700;25;
12259;Cold Great epee +25 - Chilling Mist;6020900;22700;25;
12260;Cold Battle Axe +25 - Chilling Mist;14000900;22700;25;
12261;Cold Greataxe +25 - Chilling Mist;15000900;22700;25;
12262;Cold Mace +25 - Chilling Mist;11000900;22700;25;
12263;Cold Large Club +25 - Chilling Mist;12000900;22700;25;
12264;Cold Nightrider Flail +25 - Chilling Mist;13000900;22700;25;
12265;Cold Short Spear +25 - Chilling Mist;16000900;22700;25;
12266;Cold Lance +25 - Chilling Mist;17060900;22700;25;
12267;Cold Halberd +25 - Chilling Mist;18000900;22700;25;
12268;Cold Scythe +25 - Chilling Mist;19000900;22700;25;
12269;Cold Caestus +25 - Chilling Mist;21000900;22700;25;
12270;Cold Hookclaws +25 - Chilling Mist;22000900;22700;25;
12272;Cold Duelist Greataxe +25 - Chilling Mist;23040900;22700;25;
12300;Poison Dagger +25 - Poisonous Mist;1001000;22800;25;
12301;Poison Longsword +25 - Poisonous Mist;2001000;22800;25;
12302;Poison Bastard Sword +25 - Poisonous Mist;3001000;22800;25;
12303;Poison Greatsword +25 - Poisonous Mist;4001000;22800;25;
12304;Poison Falchion +25 - Poisonous Mist;7001000;22800;25;
12305;Poison Dismounter +25 - Poisonous Mist;8021000;22800;25;
12306;Poison Uchigatana +25 - Poisonous Mist;9001000;22800;25;
12307;Poison Twinblade +25 - Poisonous Mist;10001000;22800;25;
12308;Poison Rapier +25 - Poisonous Mist;5021000;22800;25;
12309;Poison Great epee +25 - Poisonous Mist;6021000;22800;25;
12310;Poison Battle Axe +25 - Poisonous Mist;14001000;22800;25;
12311;Poison Greataxe +25 - Poisonous Mist;15001000;22800;25;
12312;Poison Mace +25 - Poisonous Mist;11001000;22800;25;
12313;Poison Large Club +25 - Poisonous Mist;12001000;22800;25;
12314;Poison Nightrider Flail +25 - Poisonous Mist;13001000;22800;25;
12315;Poison Short Spear +25 - Poisonous Mist;16001000;22800;25;
12316;Poison Lance +25 - Poisonous Mist;17061000;22800;25;
12317;Poison Halberd +25 - Poisonous Mist;18001000;22800;25;
12318;Poison Scythe +25 - Poisonous Mist;19001000;22800;25;
12319;Poison Caestus +25 - Poisonous Mist;21001000;22800;25;
12320;Poison Hookclaws +25 - Poisonous Mist;22001000;22800;25;
12322;Poison Duelist Greataxe +25 - Poisonous Mist;23041000;22800;25;
12378;Red Thorn Roundshield +25 - Shield Bash;30070000;30000;25;
12379;Kite Shield +25 - Shield Bash;31000000;30000;25;
12380;Dragon Towershield +25 - Shield Bash;32000000;30000;25;
12428;Red Thorn Roundshield +25 - Barricade Shield;30070000;30100;25;
12429;Kite Shield +25 - Barricade Shield;31000000;30100;25;
12430;Dragon Towershield +25 - Barricade Shield;32000000;30100;25;
12450;Dagger +25 - Parry;1000000;30200;25;
12454;Falchion +25 - Parry;7000000;30200;25;
12458;Rapier +25 - Parry;5020000;30200;25;
12469;Caestus +25 - Poisonous Mist;21000000;22800;25;
12470;Hookclaws +25 - Poisonous Mist;22000000;22800;25;
12478;Red Thorn Roundshield +25 - Parry;30070000;30200;25;
12479;Kite Shield +25 - Parry;31000000;30200;25;
12528;Red Thorn Roundshield +25 - Carian Retaliation;30070000;30500;25;
12529;Kite Shield +25 - Carian Retaliation;31000000;30500;25;
12578;Red Thorn Roundshield +25 - Storm Wall;30070000;30600;25;
12579;Kite Shield +25 - Storm Wall;31000000;30600;25;
12628;Red Thorn Roundshield +25 - Golden Parry;30070000;30700;25;
12629;Kite Shield +25 - Golden Parry;31000000;30700;25;
12678;Red Thorn Roundshield +25 - Shield Crash;30070000;30800;25;
12679;Kite Shield +25 - Shield Crash;31000000;30800;25;
12680;Dragon Towershield +25 - Shield Crash;32000000;30800;25;
12728;Red Thorn Roundshield +25 - No Skill;30070000;30900;25;
12729;Kite Shield +25 - No Skill;31000000;30900;25;
12730;Dragon Towershield +25 - No Skill;32000000;30900;25;
12731;Torch +25 - No Skill;24000000;30900;25;
12778;Red Thorn Roundshield +25 - Thops's Barrier;30070000;31000;25;
12779;Kite Shield +25 - Thops's Barrier;31000000;31000;25;
12825;Greatbow +25 - Through and Through;42040000;40000;25;
12873;Composite Bow +25 - Barrage;40050000;40100;25;
12874;Longbow +25 - Barrage;41000000;40100;25;
12923;Composite Bow +25 - Mighty Shot;40050000;40200;25;
12924;Longbow +25 - Mighty Shot;41000000;40200;25;
12973;Composite Bow +25 - Enchanted Shot;40050000;40400;25;
12974;Longbow +25 - Enchanted Shot;41000000;40400;25;
13023;Composite Bow +25 - Sky Shot;40050000;40500;25;
13024;Longbow +25 - Sky Shot;41000000;40500;25;
13073;Composite Bow +25 - Rain of Arrows;40050000;40600;25;
13074;Longbow +25 - Rain of Arrows;41000000;40600;25;
13075;Greatbow +25 - Rain of Arrows;42040000;40600;25;
13100;Cold Dagger +25 - Hoarfrost Stomp;1000900;50100;25;
13101;Cold Longsword +25 - Hoarfrost Stomp;2000900;50100;25;
13102;Cold Bastard Sword +25 - Hoarfrost Stomp;3000900;50100;25;
13103;Cold Greatsword +25 - Hoarfrost Stomp;4000900;50100;25;
13104;Cold Falchion +25 - Hoarfrost Stomp;7000900;50100;25;
13105;Cold Dismounter +25 - Hoarfrost Stomp;8020900;50100;25;
13106;Cold Uchigatana +25 - Hoarfrost Stomp;9000900;50100;25;
13107;Cold Twinblade +25 - Hoarfrost Stomp;10000900;50100;25;
13108;Cold Rapier +25 - Hoarfrost Stomp;5020900;50100;25;
13109;Cold Great epee +25 - Hoarfrost Stomp;6020900;50100;25;
13110;Cold Battle Axe +25 - Hoarfrost Stomp;14000900;50100;25;
13111;Cold Greataxe +25 - Hoarfrost Stomp;15000900;50100;25;
13112;Cold Mace +25 - Hoarfrost Stomp;11000900;50100;25;
13113;Cold Large Club +25 - Hoarfrost Stomp;12000900;50100;25;
13114;Cold Nightrider Flail +25 - Hoarfrost Stomp;13000900;50100;25;
13115;Cold Short Spear +25 - Hoarfrost Stomp;16000900;50100;25;
13116;Cold Lance +25 - Hoarfrost Stomp;17060900;50100;25;
13117;Cold Halberd +25 - Hoarfrost Stomp;18000900;50100;25;
13118;Cold Scythe +25 - Hoarfrost Stomp;19000900;50100;25;
13119;Cold Caestus +25 - Hoarfrost Stomp;21000900;50100;25;
13120;Cold Hookclaws +25 - Hoarfrost Stomp;22000900;50100;25;
13121;Cold Whip +25 - Hoarfrost Stomp;20000900;50100;25;
13122;Cold Duelist Greataxe +25 - Hoarfrost Stomp;23040900;50100;25;
13150;Quality Dagger +25 - Storm Stomp;1000300;50200;25;
13151;Quality Longsword +25 - Storm Stomp;2000300;50200;25;
13152;Quality Bastard Sword +25 - Storm Stomp;3000300;50200;25;
13153;Quality Greatsword +25 - Storm Stomp;4000300;50200;25;
13154;Quality Falchion +25 - Storm Stomp;7000300;50200;25;
13155;Quality Dismounter +25 - Storm Stomp;8020300;50200;25;
13156;Quality Uchigatana +25 - Storm Stomp;9000300;50200;25;
13157;Quality Twinblade +25 - Storm Stomp;10000300;50200;25;
13158;Quality Rapier +25 - Storm Stomp;5020300;50200;25;
13159;Quality Great epee +25 - Storm Stomp;6020300;50200;25;
13160;Quality Battle Axe +25 - Storm Stomp;14000300;50200;25;
13161;Quality Greataxe +25 - Storm Stomp;15000300;50200;25;
13162;Quality Mace +25 - Storm Stomp;11000300;50200;25;
13163;Quality Large Club +25 - Storm Stomp;12000300;50200;25;
13164;Quality Nightrider Flail +25 - Storm Stomp;13000300;50200;25;
13165;Quality Short Spear +25 - Storm Stomp;16000300;50200;25;
13166;Quality Lance +25 - Storm Stomp;17060300;50200;25;
13167;Quality Halberd +25 - Storm Stomp;18000300;50200;25;
13168;Quality Scythe +25 - Storm Stomp;19000300;50200;25;
13169;Quality Caestus +25 - Storm Stomp;21000300;50200;25;
13170;Quality Hookclaws +25 - Storm Stomp;22000300;50200;25;
13171;Quality Whip +25 - Storm Stomp;20000300;50200;25;
13172;Quality Duelist Greataxe +25 - Storm Stomp;23040300;50200;25;
13200;Heavy Dagger +25 - Kick;1000100;50300;25;
13201;Heavy Longsword +25 - Kick;2000100;50300;25;
13202;Heavy Bastard Sword +25 - Kick;3000100;50300;25;
13203;Heavy Greatsword +25 - Kick;4000100;50300;25;
13204;Heavy Falchion +25 - Kick;7000100;50300;25;
13205;Heavy Dismounter +25 - Kick;8020100;50300;25;
13206;Heavy Uchigatana +25 - Kick;9000100;50300;25;
13207;Heavy Twinblade +25 - Kick;10000100;50300;25;
13208;Heavy Rapier +25 - Kick;5020100;50300;25;
13209;Heavy Great epee +25 - Kick;6020100;50300;25;
13210;Heavy Battle Axe +25 - Kick;14000100;50300;25;
13211;Heavy Greataxe +25 - Kick;15000100;50300;25;
13212;Heavy Mace +25 - Kick;11000100;50300;25;
13213;Heavy Large Club +25 - Kick;12000100;50300;25;
13214;Heavy Nightrider Flail +25 - Kick;13000100;50300;25;
13215;Heavy Short Spear +25 - Kick;16000100;50300;25;
13216;Heavy Lance +25 - Kick;17060100;50300;25;
13217;Heavy Halberd +25 - Kick;18000100;50300;25;
13218;Heavy Scythe +25 - Kick;19000100;50300;25;
13219;Heavy Caestus +25 - Kick;21000100;50300;25;
13220;Heavy Hookclaws +25 - Kick;22000100;50300;25;
13221;Heavy Whip +25 - Kick;20000100;50300;25;
13222;Heavy Duelist Greataxe +25 - Kick;23040100;50300;25;
13250;Lightning Dagger +25 - Lightning Ram;1000600;50400;25;
13251;Lightning Longsword +25 - Lightning Ram;2000600;50400;25;
13252;Lightning Bastard Sword +25 - Lightning Ram;3000600;50400;25;
13253;Lightning Greatsword +25 - Lightning Ram;4000600;50400;25;
13254;Lightning Falchion +25 - Lightning Ram;7000600;50400;25;
13255;Lightning Dismounter +25 - Lightning Ram;8020600;50400;25;
13256;Lightning Uchigatana +25 - Lightning Ram;9000600;50400;25;
13257;Lightning Twinblade +25 - Lightning Ram;10000600;50400;25;
13258;Lightning Rapier +25 - Lightning Ram;5020600;50400;25;
13259;Lightning Great epee +25 - Lightning Ram;6020600;50400;25;
13260;Lightning Battle Axe +25 - Lightning Ram;14000600;50400;25;
13261;Lightning Greataxe +25 - Lightning Ram;15000600;50400;25;
13262;Lightning Mace +25 - Lightning Ram;11000600;50400;25;
13263;Lightning Large Club +25 - Lightning Ram;12000600;50400;25;
13264;Lightning Nightrider Flail +25 - Lightning Ram;13000600;50400;25;
13265;Lightning Short Spear +25 - Lightning Ram;16000600;50400;25;
13266;Lightning Lance +25 - Lightning Ram;17060600;50400;25;
13267;Lightning Halberd +25 - Lightning Ram;18000600;50400;25;
13268;Lightning Scythe +25 - Lightning Ram;19000600;50400;25;
13269;Lightning Caestus +25 - Lightning Ram;21000600;50400;25;
13270;Lightning Hookclaws +25 - Lightning Ram;22000600;50400;25;
13271;Lightning Whip +25 - Lightning Ram;20000600;50400;25;
13272;Lightning Duelist Greataxe +25 - Lightning Ram;23040600;50400;25;
13300;Fire Dagger +25 - Flame of the Redmanes;1000400;50500;25;
13301;Fire Longsword +25 - Flame of the Redmanes;2000400;50500;25;
13302;Fire Bastard Sword +25 - Flame of the Redmanes;3000400;50500;25;
13303;Fire Greatsword +25 - Flame of the Redmanes;4000400;50500;25;
13304;Fire Falchion +25 - Flame of the Redmanes;7000400;50500;25;
13305;Fire Dismounter +25 - Flame of the Redmanes;8020400;50500;25;
13306;Fire Uchigatana +25 - Flame of the Redmanes;9000400;50500;25;
13307;Fire Twinblade +25 - Flame of the Redmanes;10000400;50500;25;
13308;Fire Rapier +25 - Flame of the Redmanes;5020400;50500;25;
13309;Fire Great epee +25 - Flame of the Redmanes;6020400;50500;25;
13310;Fire Battle Axe +25 - Flame of the Redmanes;14000400;50500;25;
13311;Fire Greataxe +25 - Flame of the Redmanes;15000400;50500;25;
13312;Fire Mace +25 - Flame of the Redmanes;11000400;50500;25;
13313;Fire Large Club +25 - Flame of the Redmanes;12000400;50500;25;
13314;Fire Nightrider Flail +25 - Flame of the Redmanes;13000400;50500;25;
13315;Fire Short Spear +25 - Flame of the Redmanes;16000400;50500;25;
13316;Fire Lance +25 - Flame of the Redmanes;17060400;50500;25;
13317;Fire Halberd +25 - Flame of the Redmanes;18000400;50500;25;
13318;Fire Scythe +25 - Flame of the Redmanes;19000400;50500;25;
13319;Fire Caestus +25 - Flame of the Redmanes;21000400;50500;25;
13320;Fire Hookclaws +25 - Flame of the Redmanes;22000400;50500;25;
13321;Fire Whip +25 - Flame of the Redmanes;20000400;50500;25;
13322;Fire Duelist Greataxe +25 - Flame of the Redmanes;23040400;50500;25;
13350;Heavy Dagger +25 - Ground Slam;1000100;50600;25;
13351;Heavy Longsword +25 - Ground Slam;2000100;50600;25;
13352;Heavy Bastard Sword +25 - Ground Slam;3000100;50600;25;
13353;Heavy Greatsword +25 - Ground Slam;4000100;50600;25;
13354;Heavy Falchion +25 - Ground Slam;7000100;50600;25;
13355;Heavy Dismounter +25 - Ground Slam;8020100;50600;25;
13356;Heavy Uchigatana +25 - Ground Slam;9000100;50600;25;
13357;Heavy Twinblade +25 - Ground Slam;10000100;50600;25;
13358;Heavy Rapier +25 - Ground Slam;5020100;50600;25;
13359;Heavy Great epee +25 - Ground Slam;6020100;50600;25;
13360;Heavy Battle Axe +25 - Ground Slam;14000100;50600;25;
13361;Heavy Greataxe +25 - Ground Slam;15000100;50600;25;
13362;Heavy Mace +25 - Ground Slam;11000100;50600;25;
13363;Heavy Large Club +25 - Ground Slam;12000100;50600;25;
13364;Heavy Nightrider Flail +25 - Ground Slam;13000100;50600;25;
13365;Heavy Short Spear +25 - Ground Slam;16000100;50600;25;
13366;Heavy Lance +25 - Ground Slam;17060100;50600;25;
13367;Heavy Halberd +25 - Ground Slam;18000100;50600;25;
13368;Heavy Scythe +25 - Ground Slam;19000100;50600;25;
13369;Heavy Caestus +25 - Ground Slam;21000100;50600;25;
13370;Heavy Hookclaws +25 - Ground Slam;22000100;50600;25;
13371;Heavy Whip +25 - Ground Slam;20000100;50600;25;
13372;Heavy Duelist Greataxe +25 - Ground Slam;23040100;50600;25;
13400;Sacred Dagger +25 - Golden Slam;1000700;50700;25;
13401;Sacred Longsword +25 - Golden Slam;2000700;50700;25;
13402;Sacred Bastard Sword +25 - Golden Slam;3000700;50700;25;
13403;Sacred Greatsword +25 - Golden Slam;4000700;50700;25;
13404;Sacred Falchion +25 - Golden Slam;7000700;50700;25;
13405;Sacred Dismounter +25 - Golden Slam;8020700;50700;25;
13406;Sacred Uchigatana +25 - Golden Slam;9000700;50700;25;
13407;Sacred Twinblade +25 - Golden Slam;10000700;50700;25;
13408;Sacred Rapier +25 - Golden Slam;5020700;50700;25;
13409;Sacred Great epee +25 - Golden Slam;6020700;50700;25;
13410;Sacred Battle Axe +25 - Golden Slam;14000700;50700;25;
13411;Sacred Greataxe +25 - Golden Slam;15000700;50700;25;
13412;Sacred Mace +25 - Golden Slam;11000700;50700;25;
13413;Sacred Large Club +25 - Golden Slam;12000700;50700;25;
13414;Sacred Nightrider Flail +25 - Golden Slam;13000700;50700;25;
13415;Sacred Short Spear +25 - Golden Slam;16000700;50700;25;
13416;Sacred Lance +25 - Golden Slam;17060700;50700;25;
13417;Sacred Halberd +25 - Golden Slam;18000700;50700;25;
13418;Sacred Scythe +25 - Golden Slam;19000700;50700;25;
13419;Sacred Caestus +25 - Golden Slam;21000700;50700;25;
13420;Sacred Hookclaws +25 - Golden Slam;22000700;50700;25;
13421;Sacred Whip +25 - Golden Slam;20000700;50700;25;
13422;Sacred Duelist Greataxe +25 - Golden Slam;23040700;50700;25;
13453;Magic Greatsword +25 - Waves of Darkness;4000800;50800;25;
13461;Magic Greataxe +25 - Waves of Darkness;15000800;50800;25;
13463;Magic Large Club +25 - Waves of Darkness;12000800;50800;25;
13466;Magic Lance +25 - Waves of Darkness;17060800;50800;25;
13472;Magic Duelist Greataxe +25 - Waves of Darkness;23040800;50800;25;
13500;Heavy Dagger +25 - Hoarah Loux's Earthshaker;1000100;50900;25;
13501;Heavy Longsword +25 - Hoarah Loux's Earthshaker;2000100;50900;25;
13502;Heavy Bastard Sword +25 - Hoarah Loux's Earthshaker;3000100;50900;25;
13503;Heavy Greatsword +25 - Hoarah Loux's Earthshaker;4000100;50900;25;
13504;Heavy Falchion +25 - Hoarah Loux's Earthshaker;7000100;50900;25;
13505;Heavy Dismounter +25 - Hoarah Loux's Earthshaker;8020100;50900;25;
13506;Heavy Uchigatana +25 - Hoarah Loux's Earthshaker;9000100;50900;25;
13507;Heavy Twinblade +25 - Hoarah Loux's Earthshaker;10000100;50900;25;
13508;Heavy Rapier +25 - Hoarah Loux's Earthshaker;5020100;50900;25;
13509;Heavy Great epee +25 - Hoarah Loux's Earthshaker;6020100;50900;25;
13510;Heavy Battle Axe +25 - Hoarah Loux's Earthshaker;14000100;50900;25;
13511;Heavy Greataxe +25 - Hoarah Loux's Earthshaker;15000100;50900;25;
13512;Heavy Mace +25 - Hoarah Loux's Earthshaker;11000100;50900;25;
13513;Heavy Large Club +25 - Hoarah Loux's Earthshaker;12000100;50900;25;
13514;Heavy Nightrider Flail +25 - Hoarah Loux's Earthshaker;13000100;50900;25;
13515;Heavy Short Spear +25 - Hoarah Loux's Earthshaker;16000100;50900;25;
13516;Heavy Lance +25 - Hoarah Loux's Earthshaker;17060100;50900;25;
13517;Heavy Halberd +25 - Hoarah Loux's Earthshaker;18000100;50900;25;
13518;Heavy Scythe +25 - Hoarah Loux's Earthshaker;19000100;50900;25;
13519;Heavy Caestus +25 - Hoarah Loux's Earthshaker;21000100;50900;25;
13520;Heavy Hookclaws +25 - Hoarah Loux's Earthshaker;22000100;50900;25;
13521;Heavy Whip +25 - Hoarah Loux's Earthshaker;20000100;50900;25;
13522;Heavy Duelist Greataxe +25 - Hoarah Loux's Earthshaker;23040100;50900;25;
13550;Quality Dagger +25 - Determination;1000300;60000;25;
13551;Quality Longsword +25 - Determination;2000300;60000;25;
13552;Quality Bastard Sword +25 - Determination;3000300;60000;25;
13553;Quality Greatsword +25 - Determination;4000300;60000;25;
13554;Quality Falchion +25 - Determination;7000300;60000;25;
13555;Quality Dismounter +25 - Determination;8020300;60000;25;
13556;Quality Uchigatana +25 - Determination;9000300;60000;25;
13557;Quality Twinblade +25 - Determination;10000300;60000;25;
13558;Quality Rapier +25 - Determination;5020300;60000;25;
13559;Quality Great epee +25 - Determination;6020300;60000;25;
13560;Quality Battle Axe +25 - Determination;14000300;60000;25;
13561;Quality Greataxe +25 - Determination;15000300;60000;25;
13562;Quality Mace +25 - Determination;11000300;60000;25;
13563;Quality Large Club +25 - Determination;12000300;60000;25;
13564;Quality Nightrider Flail +25 - Determination;13000300;60000;25;
13565;Quality Short Spear +25 - Determination;16000300;60000;25;
13566;Quality Lance +25 - Determination;17060300;60000;25;
13567;Quality Halberd +25 - Determination;18000300;60000;25;
13568;Quality Scythe +25 - Determination;19000300;60000;25;
13569;Quality Caestus +25 - Determination;21000300;60000;25;
13570;Quality Hookclaws +25 - Determination;22000300;60000;25;
13571;Quality Whip +25 - Determination;20000300;60000;25;
13572;Quality Duelist Greataxe +25 - Determination;23040300;60000;25;
13600;Quality Dagger +25 - Royal Knight's Resolve;1000300;60100;25;
13601;Quality Longsword +25 - Royal Knight's Resolve;2000300;60100;25;
13602;Quality Bastard Sword +25 - Royal Knight's Resolve;3000300;60100;25;
13603;Quality Greatsword +25 - Royal Knight's Resolve;4000300;60100;25;
13604;Quality Falchion +25 - Royal Knight's Resolve;7000300;60100;25;
13605;Quality Dismounter +25 - Royal Knight's Resolve;8020300;60100;25;
13606;Quality Uchigatana +25 - Royal Knight's Resolve;9000300;60100;25;
13607;Quality Twinblade +25 - Royal Knight's Resolve;10000300;60100;25;
13608;Quality Rapier +25 - Royal Knight's Resolve;5020300;60100;25;
13609;Quality Great epee +25 - Royal Knight's Resolve;6020300;60100;25;
13610;Quality Battle Axe +25 - Royal Knight's Resolve;14000300;60100;25;
13611;Quality Greataxe +25 - Royal Knight's Resolve;15000300;60100;25;
13612;Quality Mace +25 - Royal Knight's Resolve;11000300;60100;25;
13613;Quality Large Club +25 - Royal Knight's Resolve;12000300;60100;25;
13614;Quality Nightrider Flail +25 - Royal Knight's Resolve;13000300;60100;25;
13615;Quality Short Spear +25 - Royal Knight's Resolve;16000300;60100;25;
13616;Quality Lance +25 - Royal Knight's Resolve;17060300;60100;25;
13617;Quality Halberd +25 - Royal Knight's Resolve;18000300;60100;25;
13618;Quality Scythe +25 - Royal Knight's Resolve;19000300;60100;25;
13619;Quality Caestus +25 - Royal Knight's Resolve;21000300;60100;25;
13620;Quality Hookclaws +25 - Royal Knight's Resolve;22000300;60100;25;
13621;Quality Whip +25 - Royal Knight's Resolve;20000300;60100;25;
13622;Quality Duelist Greataxe +25 - Royal Knight's Resolve;23040300;60100;25;
13650;Blood Dagger +25 - Assassin's Gambit;1001100;60200;25;
13651;Bloody Longsword +25 - Assassin's Gambit;2001100;60200;25;
13656;Blood Uchigatana +25 - Assassin's Gambit;9001100;60200;25;
13657;Bloody Twinblade +25 - Assassin's Gambit;10001100;60200;25;
13658;Blood Rapier +25 - Assassin's Gambit;5021100;60200;25;
13700;Sacred Dagger +25 - Golden Vow;1000700;60300;25;
13701;Sacred Longsword +25 - Golden Vow;2000700;60300;25;
13702;Sacred Bastard Sword +25 - Golden Vow;3000700;60300;25;
13703;Sacred Greatsword +25 - Golden Vow;4000700;60300;25;
13704;Sacred Falchion +25 - Golden Vow;7000700;60300;25;
13705;Sacred Dismounter +25 - Golden Vow;8020700;60300;25;
13706;Sacred Uchigatana +25 - Golden Vow;9000700;60300;25;
13707;Sacred Twinblade +25 - Golden Vow;10000700;60300;25;
13708;Sacred Rapier +25 - Golden Vow;5020700;60300;25;
13709;Sacred Great epee +25 - Golden Vow;6020700;60300;25;
13710;Sacred Battle Axe +25 - Golden Vow;14000700;60300;25;
13711;Sacred Greataxe +25 - Golden Vow;15000700;60300;25;
13712;Sacred Mace +25 - Golden Vow;11000700;60300;25;
13713;Sacred Large Club +25 - Golden Vow;12000700;60300;25;
13714;Sacred Nightrider Flail +25 - Golden Vow;13000700;60300;25;
13715;Sacred Short Spear +25 - Golden Vow;16000700;60300;25;
13716;Sacred Lance +25 - Golden Vow;17060700;60300;25;
13717;Sacred Halberd +25 - Golden Vow;18000700;60300;25;
13718;Sacred Scythe +25 - Golden Vow;19000700;60300;25;
13719;Sacred Caestus +25 - Golden Vow;21000700;60300;25;
13720;Sacred Hookclaws +25 - Golden Vow;22000700;60300;25;
13721;Sacred Whip +25 - Golden Vow;20000700;60300;25;
13722;Sacred Duelist Greataxe +25 - Golden Vow;23040700;60300;25;
13750;Sacred Dagger +25 - Sacred Order;1000700;60400;25;
13751;Sacred Longsword +25 - Sacred Order;2000700;60400;25;
13752;Sacred Bastard Sword +25 - Sacred Order;3000700;60400;25;
13753;Sacred Greatsword +25 - Sacred Order;4000700;60400;25;
13754;Sacred Falchion +25 - Sacred Order;7000700;60400;25;
13755;Sacred Dismounter +25 - Sacred Order;8020700;60400;25;
13756;Sacred Uchigatana +25 - Sacred Order;9000700;60400;25;
13757;Sacred Twinblade +25 - Sacred Order;10000700;60400;25;
13758;Sacred Rapier +25 - Sacred Order;5020700;60400;25;
13759;Sacred Great epee +25 - Sacred Order;6020700;60400;25;
13760;Sacred Battle Axe +25 - Sacred Order;14000700;60400;25;
13761;Sacred Greataxe +25 - Sacred Order;15000700;60400;25;
13762;Sacred Mace +25 - Sacred Order;11000700;60400;25;
13763;Sacred Large Club +25 - Sacred Order;12000700;60400;25;
13764;Sacred Nightrider Flail +25 - Sacred Order;13000700;60400;25;
13765;Sacred Short Spear +25 - Sacred Order;16000700;60400;25;
13766;Sacred Lance +25 - Sacred Order;17060700;60400;25;
13767;Sacred Halberd +25 - Sacred Order;18000700;60400;25;
13768;Sacred Scythe +25 - Sacred Order;19000700;60400;25;
13769;Sacred Caestus +25 - Sacred Order;21000700;60400;25;
13770;Sacred Hookclaws +25 - Sacred Order;22000700;60400;25;
13771;Sacred Whip +25 - Sacred Order;20000700;60400;25;
13772;Sacred Duelist Greataxe +25 - Sacred Order;23040700;60400;25;
13800;Sacred Dagger +25 - Shared Order;1000700;60500;25;
13801;Sacred Longsword +25 - Shared Order;2000700;60500;25;
13802;Sacred Bastard Sword +25 - Shared Order;3000700;60500;25;
13803;Sacred Greatsword +25 - Shared Order;4000700;60500;25;
13804;Sacred Falchion +25 - Shared Order;7000700;60500;25;
13805;Sacred Dismounter +25 - Shared Order;8020700;60500;25;
13806;Sacred Uchigatana +25 - Shared Order;9000700;60500;25;
13807;Sacred Twinblade +25 - Shared Order;10000700;60500;25;
13808;Sacred Rapier +25 - Shared Order;5020700;60500;25;
13809;Sacred Great epee +25 - Shared Order;6020700;60500;25;
13810;Sacred Battle Axe +25 - Shared Order;14000700;60500;25;
13811;Sacred Greataxe +25 - Shared Order;15000700;60500;25;
13812;Sacred Mace +25 - Shared Order;11000700;60500;25;
13813;Sacred Large Club +25 - Shared Order;12000700;60500;25;
13814;Sacred Nightrider Flail +25 - Shared Order;13000700;60500;25;
13815;Sacred Short Spear +25 - Shared Order;16000700;60500;25;
13816;Sacred Lance +25 - Shared Order;17060700;60500;25;
13817;Sacred Halberd +25 - Shared Order;18000700;60500;25;
13818;Sacred Scythe +25 - Shared Order;19000700;60500;25;
13819;Sacred Caestus +25 - Shared Order;21000700;60500;25;
13820;Sacred Hookclaws +25 - Shared Order;22000700;60500;25;
13821;Sacred Whip +25 - Shared Order;20000700;60500;25;
13822;Sacred Duelist Greataxe +25 - Shared Order;23040700;60500;25;
13850;Blood Dagger +25 - Seppuku;1001100;60600;25;
13851;Bloody Longsword +25 - Seppuku;2001100;60600;25;
13852;Bloody Bastard Sword +25 - Seppuku;3001100;60600;25;
13854;Blood Falchion +25 - Seppuku;7001100;60600;25;
13855;Blood Dismounter +25 - Seppuku;8021100;60600;25;
13856;Blood Uchigatana +25 - Seppuku;9001100;60600;25;
13857;Bloody Twinblade +25 - Seppuku;10001100;60600;25;
13858;Blood Rapier +25 - Seppuku;5021100;60600;25;
13859;Blood Great epee +25 - Seppuku;6021100;60600;25;
13865;Blood Short Spear +25 - Seppuku;16001100;60600;25;
13866;Bloody Lance +25 - Seppuku;17061100;60600;25;
13867;Blood Halberd +25 - Seppuku;18001100;60600;25;
13900;Heavy Dagger +25 - Cragblade;1000100;60700;25;
13901;Heavy Longsword +25 - Cragblade;2000100;60700;25;
13902;Heavy Bastard Sword +25 - Cragblade;3000100;60700;25;
13903;Heavy Greatsword +25 - Cragblade;4000100;60700;25;
13904;Heavy Falchion +25 - Cragblade;7000100;60700;25;
13905;Heavy Dismounter +25 - Cragblade;8020100;60700;25;
13906;Heavy Uchigatana +25 - Cragblade;9000100;60700;25;
13907;Heavy Twinblade +25 - Cragblade;10000100;60700;25;
13908;Heavy Rapier +25 - Cragblade;5020100;60700;25;
13909;Heavy Great epee +25 - Cragblade;6020100;60700;25;
13910;Heavy Battle Axe +25 - Cragblade;14000100;60700;25;
13911;Heavy Greataxe +25 - Cragblade;15000100;60700;25;
13912;Heavy Mace +25 - Cragblade;11000100;60700;25;
13913;Heavy Large Club +25 - Cragblade;12000100;60700;25;
13914;Heavy Nightrider Flail +25 - Cragblade;13000100;60700;25;
13915;Heavy Short Spear +25 - Cragblade;16000100;60700;25;
13916;Heavy Lance +25 - Cragblade;17060100;60700;25;
13917;Heavy Halberd +25 - Cragblade;18000100;60700;25;
13918;Heavy Scythe +25 - Cragblade;19000100;60700;25;
13919;Heavy Caestus +25 - Cragblade;21000100;60700;25;
13920;Heavy Hookclaws +25 - Cragblade;22000100;60700;25;
13922;Heavy Duelist Greataxe +25 - Cragblade;23040100;60700;25;
13951;Heavy Longsword +25 - Barbaric Roar;2000100;65000;25;
13952;Heavy Bastard Sword +25 - Barbaric Roar;3000100;65000;25;
13953;Heavy Greatsword +25 - Barbaric Roar;4000100;65000;25;
13954;Heavy Falchion +25 - Barbaric Roar;7000100;65000;25;
13955;Heavy Dismounter +25 - Barbaric Roar;8020100;65000;25;
13956;Heavy Uchigatana +25 - Barbaric Roar;9000100;65000;25;
13957;Heavy Twinblade +25 - Barbaric Roar;10000100;65000;25;
13960;Heavy Battle Axe +25 - Barbaric Roar;14000100;65000;25;
13961;Heavy Greataxe +25 - Barbaric Roar;15000100;65000;25;
13962;Heavy Mace +25 - Barbaric Roar;11000100;65000;25;
13963;Heavy Large Club +25 - Barbaric Roar;12000100;65000;25;
13964;Heavy Nightrider Flail +25 - Barbaric Roar;13000100;65000;25;
13965;Heavy Short Spear +25 - Barbaric Roar;16000100;65000;25;
13966;Heavy Lance +25 - Barbaric Roar;17060100;65000;25;
13967;Heavy Halberd +25 - Barbaric Roar;18000100;65000;25;
13968;Heavy Scythe +25 - Barbaric Roar;19000100;65000;25;
13969;Heavy Caestus +25 - Barbaric Roar;21000100;65000;25;
13970;Heavy Hookclaws +25 - Barbaric Roar;22000100;65000;25;
13972;Heavy Duelist Greataxe +25 - Barbaric Roar;23040100;65000;25;
14001;Heavy Longsword +25 - War Cry;2000100;65100;25;
14002;Heavy Bastard Sword +25 - War Cry;3000100;65100;25;
14003;Heavy Greatsword +25 - War Cry;4000100;65100;25;
14004;Heavy Falchion +25 - War Cry;7000100;65100;25;
14005;Heavy Dismounter +25 - War Cry;8020100;65100;25;
14006;Heavy Uchigatana +25 - War Cry;9000100;65100;25;
14007;Heavy Twinblade +25 - War Cry;10000100;65100;25;
14010;Heavy Battle Axe +25 - War Cry;14000100;65100;25;
14011;Heavy Greataxe +25 - War Cry;15000100;65100;25;
14012;Heavy Mace +25 - War Cry;11000100;65100;25;
14013;Heavy Large Club +25 - War Cry;12000100;65100;25;
14014;Heavy Nightrider Flail +25 - War Cry;13000100;65100;25;
14015;Heavy Short Spear +25 - War Cry;16000100;65100;25;
14016;Heavy Lance +25 - War Cry;17060100;65100;25;
14017;Heavy Halberd +25 - War Cry;18000100;65100;25;
14018;Heavy Scythe +25 - War Cry;19000100;65100;25;
14019;Heavy Caestus +25 - War Cry;21000100;65100;25;
14020;Heavy Hookclaws +25 - War Cry;22000100;65100;25;
14022;Heavy Duelist Greataxe +25 - War Cry;23040100;65100;25;
14050;Keen Dagger +25 - Beast's Roar;1000200;65200;25;
14051;Keen Longsword +25 - Beast's Roar;2000200;65200;25;
14052;Keen Bastard Sword +25 - Beast's Roar;3000200;65200;25;
14053;Keen Greatsword +25 - Beast's Roar;4000200;65200;25;
14054;Keen Falchion +25 - Beast's Roar;7000200;65200;25;
14055;Keen Dismounter +25 - Beast's Roar;8020200;65200;25;
14056;Keen Uchigatana +25 - Beast's Roar;9000200;65200;25;
14057;Keen Twinblade +25 - Beast's Roar;10000200;65200;25;
14058;Keen Rapier +25 - Beast's Roar;5020200;65200;25;
14059;Keen Great epee +25 - Beast's Roar;6020200;65200;25;
14060;Keen Battle Axe +25 - Beast's Roar;14000200;65200;25;
14061;Keen Greataxe +25 - Beast's Roar;15000200;65200;25;
14062;Keen Mace +25 - Beast's Roar;11000200;65200;25;
14063;Keen Large Club +25 - Beast's Roar;12000200;65200;25;
14064;Keen Nightrider Flail +25 - Beast's Roar;13000200;65200;25;
14065;Keen Short Spear +25 - Beast's Roar;16000200;65200;25;
14066;Keen Lance +25 - Beast's Roar;17060200;65200;25;
14067;Keen Halberd +25 - Beast's Roar;18000200;65200;25;
14068;Keen Scythe +25 - Beast's Roar;19000200;65200;25;
14069;Keen Caestus +25 - Beast's Roar;21000200;65200;25;
14070;Keen Hookclaws +25 - Beast's Roar;22000200;65200;25;
14071;Keen Whip +25 - Beast's Roar;20000200;65200;25;
14072;Keen Duelist Greataxe +25 - Beast's Roar;23040200;65200;25;
14102;Heavy Bastard Sword +25 - Troll's Roar;3000100;65300;25;
14103;Heavy Greatsword +25 - Troll's Roar;4000100;65300;25;
14105;Heavy Dismounter +25 - Troll's Roar;8020100;65300;25;
14111;Heavy Greataxe +25 - Troll's Roar;15000100;65300;25;
14113;Heavy Large Club +25 - Troll's Roar;12000100;65300;25;
14122;Heavy Duelist Greataxe +25 - Troll's Roar;23040100;65300;25;
14151;Heavy Longsword +25 - Braggart's Roar;2000100;65400;25;
14152;Heavy Bastard Sword +25 - Braggart's Roar;3000100;65400;25;
14153;Heavy Greatsword +25 - Braggart's Roar;4000100;65400;25;
14154;Heavy Falchion +25 - Braggart's Roar;7000100;65400;25;
14155;Heavy Dismounter +25 - Braggart's Roar;8020100;65400;25;
14156;Heavy Uchigatana +25 - Braggart's Roar;9000100;65400;25;
14157;Heavy Twinblade +25 - Braggart's Roar;10000100;65400;25;
14160;Heavy Battle Axe +25 - Braggart's Roar;14000100;65400;25;
14161;Heavy Greataxe +25 - Braggart's Roar;15000100;65400;25;
14162;Heavy Mace +25 - Braggart's Roar;11000100;65400;25;
14163;Heavy Large Club +25 - Braggart's Roar;12000100;65400;25;
14164;Heavy Nightrider Flail +25 - Braggart's Roar;13000100;65400;25;
14165;Heavy Short Spear +25 - Braggart's Roar;16000100;65400;25;
14166;Heavy Lance +25 - Braggart's Roar;17060100;65400;25;
14167;Heavy Halberd +25 - Braggart's Roar;18000100;65400;25;
14168;Heavy Scythe +25 - Braggart's Roar;19000100;65400;25;
14169;Heavy Caestus +25 - Braggart's Roar;21000100;65400;25;
14170;Heavy Hookclaws +25 - Braggart's Roar;22000100;65400;25;
14172;Heavy Duelist Greataxe +25 - Braggart's Roar;23040100;65400;25;
14200;Quality Dagger +25 - Endure;1000300;70000;25;
14201;Quality Longsword +25 - Endure;2000300;70000;25;
14202;Quality Bastard Sword +25 - Endure;3000300;70000;25;
14203;Quality Greatsword +25 - Endure;4000300;70000;25;
14204;Quality Falchion +25 - Endure;7000300;70000;25;
14205;Quality Dismounter +25 - Endure;8020300;70000;25;
14206;Quality Uchigatana +25 - Endure;9000300;70000;25;
14207;Quality Twinblade +25 - Endure;10000300;70000;25;
14208;Quality Rapier +25 - Endure;5020300;70000;25;
14209;Quality Great epee +25 - Endure;6020300;70000;25;
14210;Quality Battle Axe +25 - Endure;14000300;70000;25;
14211;Quality Greataxe +25 - Endure;15000300;70000;25;
14212;Quality Mace +25 - Endure;11000300;70000;25;
14213;Quality Large Club +25 - Endure;12000300;70000;25;
14214;Quality Nightrider Flail +25 - Endure;13000300;70000;25;
14215;Quality Short Spear +25 - Endure;16000300;70000;25;
14216;Quality Lance +25 - Endure;17060300;70000;25;
14217;Quality Halberd +25 - Endure;18000300;70000;25;
14218;Quality Scythe +25 - Endure;19000300;70000;25;
14219;Quality Caestus +25 - Endure;21000300;70000;25;
14220;Quality Hookclaws +25 - Endure;22000300;70000;25;
14221;Quality Whip +25 - Endure;20000300;70000;25;
14222;Quality Duelist Greataxe +25 - Endure;23040300;70000;25;
14278;Quality Red Thorn Roundshield +25 - Vow of the Indomitable;30070300;70100;25;
14279;Quality Kite Shield +25 - Vow of the Indomitable;31000300;70100;25;
14280;Quality Dragon Towershield +25 - Vow of the Indomitable;32000300;70100;25;
14328;Quality Red Thorn Roundshield +25 - Holy Ground;30070300;70200;25;
14329;Quality Kite Shield +25 - Holy Ground;31000300;70200;25;
14330;Quality Dragon Towershield +25 - Holy Ground;32000300;70200;25;
14350;Quality Dagger +25 - Quickstep;1000300;80000;25;
14351;Quality Longsword +25 - Quickstep;2000300;80000;25;
14352;Quality Bastard Sword +25 - Quickstep;3000300;80000;25;
14353;Quality Greatsword +25 - Quickstep;4000300;80000;25;
14354;Quality Falchion +25 - Quickstep;7000300;80000;25;
14355;Quality Dismounter +25 - Quickstep;8020300;80000;25;
14356;Quality Uchigatana +25 - Quickstep;9000300;80000;25;
14357;Quality Twinblade +25 - Quickstep;10000300;80000;25;
14358;Quality Rapier +25 - Quickstep;5020300;80000;25;
14359;Quality Great epee +25 - Quickstep;6020300;80000;25;
14360;Quality Battle Axe +25 - Quickstep;14000300;80000;25;
14361;Quality Greataxe +25 - Quickstep;15000300;80000;25;
14362;Quality Mace +25 - Quickstep;11000300;80000;25;
14363;Quality Large Club +25 - Quickstep;12000300;80000;25;
14364;Quality Nightrider Flail +25 - Quickstep;13000300;80000;25;
14365;Quality Short Spear +25 - Quickstep;16000300;80000;25;
14366;Quality Lance +25 - Quickstep;17060300;80000;25;
14367;Quality Halberd +25 - Quickstep;18000300;80000;25;
14368;Quality Scythe +25 - Quickstep;19000300;80000;25;
14369;Quality Caestus +25 - Quickstep;21000300;80000;25;
14370;Quality Hookclaws +25 - Quickstep;22000300;80000;25;
14371;Quality Whip +25 - Quickstep;20000300;80000;25;
14372;Quality Duelist Greataxe +25 - Quickstep;23040300;80000;25;
14400;Quality Dagger +25 - Bloodhound's Step;1000300;80100;25;
14401;Quality Longsword +25 - Bloodhound's Step;2000300;80100;25;
14402;Quality Bastard Sword +25 - Bloodhound's Step;3000300;80100;25;
14403;Quality Greatsword +25 - Bloodhound's Step;4000300;80100;25;
14404;Quality Falchion +25 - Bloodhound's Step;7000300;80100;25;
14405;Quality Dismounter +25 - Bloodhound's Step;8020300;80100;25;
14406;Quality Uchigatana +25 - Bloodhound's Step;9000300;80100;25;
14407;Quality Twinblade +25 - Bloodhound's Step;10000300;80100;25;
14408;Quality Rapier +25 - Bloodhound's Step;5020300;80100;25;
14409;Quality Great epee +25 - Bloodhound's Step;6020300;80100;25;
14410;Quality Battle Axe +25 - Bloodhound's Step;14000300;80100;25;
14411;Quality Greataxe +25 - Bloodhound's Step;15000300;80100;25;
14412;Quality Mace +25 - Bloodhound's Step;11000300;80100;25;
14413;Quality Large Club +25 - Bloodhound's Step;12000300;80100;25;
14414;Quality Nightrider Flail +25 - Bloodhound's Step;13000300;80100;25;
14415;Quality Short Spear +25 - Bloodhound's Step;16000300;80100;25;
14416;Quality Lance +25 - Bloodhound's Step;17060300;80100;25;
14417;Quality Halberd +25 - Bloodhound's Step;18000300;80100;25;
14418;Quality Scythe +25 - Bloodhound's Step;19000300;80100;25;
14419;Quality Caestus +25 - Bloodhound's Step;21000300;80100;25;
14420;Quality Hookclaws +25 - Bloodhound's Step;22000300;80100;25;
14421;Quality Whip +25 - Bloodhound's Step;20000300;80100;25;
14422;Quality Duelist Greataxe +25 - Bloodhound's Step;23040300;80100;25;
14450;Quality Dagger +25 - Raptor of the Mists;1000300;80200;25;
14451;Quality Longsword +25 - Raptor of the Mists;2000300;80200;25;
14452;Quality Bastard Sword +25 - Raptor of the Mists;3000300;80200;25;
14453;Quality Greatsword +25 - Raptor of the Mists;4000300;80200;25;
14454;Quality Falchion +25 - Raptor of the Mists;7000300;80200;25;
14455;Quality Dismounter +25 - Raptor of the Mists;8020300;80200;25;
14456;Quality Uchigatana +25 - Raptor of the Mists;9000300;80200;25;
14457;Quality Twinblade +25 - Raptor of the Mists;10000300;80200;25;
14458;Quality Rapier +25 - Raptor of the Mists;5020300;80200;25;
14459;Quality Great epee +25 - Raptor of the Mists;6020300;80200;25;
14460;Quality Battle Axe +25 - Raptor of the Mists;14000300;80200;25;
14461;Quality Greataxe +25 - Raptor of the Mists;15000300;80200;25;
14462;Quality Mace +25 - Raptor of the Mists;11000300;80200;25;
14463;Quality Large Club +25 - Raptor of the Mists;12000300;80200;25;
14464;Quality Nightrider Flail +25 - Raptor of the Mists;13000300;80200;25;
14465;Quality Short Spear +25 - Raptor of the Mists;16000300;80200;25;
14466;Quality Lance +25 - Raptor of the Mists;17060300;80200;25;
14467;Quality Halberd +25 - Raptor of the Mists;18000300;80200;25;
14468;Quality Scythe +25 - Raptor of the Mists;19000300;80200;25;
14469;Quality Caestus +25 - Raptor of the Mists;21000300;80200;25;
14470;Quality Hookclaws +25 - Raptor of the Mists;22000300;80200;25;
14471;Quality Whip +25 - Raptor of the Mists;20000300;80200;25;
14472;Quality Duelist Greataxe +25 - Raptor of the Mists;23040300;80200;25;
14500;Quality Dagger +25 - White Shadow's Lure;1000300;85000;25;
14501;Quality Longsword +25 - White Shadow's Lure;2000300;85000;25;
14502;Quality Bastard Sword +25 - White Shadow's Lure;3000300;85000;25;
14503;Quality Greatsword +25 - White Shadow's Lure;4000300;85000;25;
14504;Quality Falchion +25 - White Shadow's Lure;7000300;85000;25;
14505;Quality Dismounter +25 - White Shadow's Lure;8020300;85000;25;
14506;Quality Uchigatana +25 - White Shadow's Lure;9000300;85000;25;
14507;Quality Twinblade +25 - White Shadow's Lure;10000300;85000;25;
14508;Quality Rapier +25 - White Shadow's Lure;5020300;85000;25;
14509;Quality Great epee +25 - White Shadow's Lure;6020300;85000;25;
14510;Quality Battle Axe +25 - White Shadow's Lure;14000300;85000;25;
14511;Quality Greataxe +25 - White Shadow's Lure;15000300;85000;25;
14512;Quality Mace +25 - White Shadow's Lure;11000300;85000;25;
14513;Quality Large Club +25 - White Shadow's Lure;12000300;85000;25;
14514;Quality Nightrider Flail +25 - White Shadow's Lure;13000300;85000;25;
14515;Quality Short Spear +25 - White Shadow's Lure;16000300;85000;25;
14516;Quality Lance +25 - White Shadow's Lure;17060300;85000;25;
14517;Quality Halberd +25 - White Shadow's Lure;18000300;85000;25;
14518;Quality Scythe +25 - White Shadow's Lure;19000300;85000;25;
14519;Quality Caestus +25 - White Shadow's Lure;21000300;85000;25;
14520;Quality Hookclaws +25 - White Shadow's Lure;22000300;85000;25;
14521;Quality Whip +25 - White Shadow's Lure;20000300;85000;25;
14522;Quality Duelist Greataxe +25 - White Shadow's Lure;23040300;85000;25;
