Row ID;Row Name;disableParam_NT;iconId;rank;sortGroupId;spEffectId0;spEffectId1;spEffectId2;itemGetTutorialFlagId;swordArtsParamId;mountValue;sellValue;saleValue;sortId;compTrophySedId;trophySeqId;configurableWepAttr00;configurableWepAttr01;configurableWepAttr02;configurableWepAttr03;configurableWepAttr04;configurableWepAttr05;configurableWepAttr06;configurableWepAttr07;configurableWepAttr08;configurableWepAttr09;configurableWepAttr10;configurableWepAttr11;configurableWepAttr12;configurableWepAttr13;configurableWepAttr14;configurableWepAttr15;rarity;configurableWepAttr16;configurableWepAttr17;configurableWepAttr18;configurableWepAttr19;configurableWepAttr20;configurableWepAttr21;configurableWepAttr22;configurableWepAttr23;isDiscard;isDrop;isDeposit;disableMultiDropShare;showDialogCondType;showLogCondType;defaultWepAttr;canMountWep_Dagger;canMountWep_SwordNormal;canMountWep_SwordLarge;canMountWep_SwordGigantic;canMountWep_SaberNormal;canMountWep_SaberLarge;canMountWep_katana;canMountWep_SwordDoubleEdge;canMountWep_SwordPierce;canMountWep_RapierHeavy;canMountWep_AxeNormal;canMountWep_AxeLarge;canMountWep_HammerNormal;canMountWep_HammerLarge;canMountWep_Flail;canMountWep_SpearNormal;canMountWep_SpearLarge;canMountWep_SpearHeavy;canMountWep_SpearAxe;canMountWep_Sickle;canMountWep_Knuckle;canMountWep_Claw;canMountWep_Whip;canMountWep_AxhammerLarge;canMountWep_BowSmall;canMountWep_BowNormal;canMountWep_BowLarge;canMountWep_ClossBow;canMountWep_Ballista;canMountWep_Staff;canMountWep_Sorcery;canMountWep_Talisman;canMountWep_ShieldSmall;canMountWep_ShieldNormal;canMountWep_ShieldLarge;canMountWep_Torch;spEffectMsgId0;spEffectMsgId1;spEffectId_forAtk0;spEffectId_forAtk1;spEffectId_forAtk2;mountWepTextId
10;test gem 1;1;0;0;255;-1;-1;-1;0;101;0;0;-1;999999;-1;-1;1;1;1;1;1;1;1;1;1;1;1;0;0;0;0;0;0;0;0;0;0;0;0;0;0;0;0;0;0;2;1;0;1;1;1;1;1;1;1;1;1;1;1;1;1;1;1;1;0;1;1;1;1;1;1;1;1;1;1;1;1;1;1;1;1;1;1;1;-1;-1;-1;-1;-1;-1;
20;test gem 2;1;0;0;255;100;-1;-1;0;-1;0;0;-1;999999;-1;-1;1;1;1;1;1;1;1;1;1;1;1;0;0;0;0;0;0;0;0;0;0;0;0;0;0;0;0;0;0;2;1;0;1;1;1;1;1;1;1;1;1;1;1;1;1;1;1;1;0;1;1;1;1;1;1;1;1;1;1;1;1;1;1;1;1;1;1;1;-1;-1;-1;-1;-1;-1;
30;test gem 3;1;0;0;255;-1;-1;-1;0;-1;0;0;-1;999999;-1;-1;1;1;1;1;1;1;1;1;1;1;1;0;0;0;0;0;0;0;0;0;0;0;0;0;0;0;0;0;0;2;1;0;1;1;1;1;1;1;1;1;1;1;1;1;1;1;1;1;0;1;1;1;1;1;1;1;1;1;1;1;1;1;1;1;1;1;1;1;-1;-1;-1;-1;-1;-1;
40;Ash of War: Lion's Claw;1;21000;0;255;2300;2810;-1;710600;100;0;100;0;999999;-1;-1;1;1;1;1;1;1;1;1;1;1;1;0;0;0;0;0;1;0;0;0;0;0;0;0;0;1;0;1;0;2;1;0;1;1;1;1;1;1;1;1;1;1;1;1;1;1;1;1;0;1;1;1;1;1;1;1;1;1;1;1;1;1;1;1;1;1;1;1;2300;2810;-1;-1;-1;-1;
41;Ash of War: Lion's Claw;1;21001;0;255;-1;-1;-1;710600;100;0;100;0;999999;-1;-1;1;1;1;1;1;1;1;1;1;1;1;0;0;0;0;0;1;0;0;0;0;0;0;0;0;1;0;1;0;2;1;0;1;1;1;1;1;1;1;1;1;1;1;1;1;1;1;1;0;1;1;1;1;1;1;1;1;1;1;1;1;1;1;1;1;1;1;1;6405;6505;6405;6505;-1;-1;
80;Ash of War: Lion's Claw;1;0;0;255;-1;-1;-1;0;100;0;0;-1;999999;-1;-1;1;1;1;1;1;1;1;1;1;1;1;0;0;0;0;0;0;0;0;0;0;0;0;0;0;0;0;0;0;2;1;0;1;1;1;1;1;1;1;1;1;1;1;1;1;1;1;1;0;1;1;1;1;1;1;1;1;1;1;1;1;1;1;1;1;1;1;1;-1;-1;-1;-1;-1;-1;
81;Ash of War: Lion's Claw;1;0;0;255;-1;-1;-1;0;100;0;0;-1;999999;-1;-1;1;1;1;1;1;1;1;1;1;1;1;0;0;0;0;0;0;0;0;0;0;0;0;0;0;0;0;0;0;2;1;0;1;1;1;1;1;1;1;1;1;1;1;1;1;1;1;1;0;1;1;1;1;1;1;1;1;1;1;1;1;1;1;1;1;1;1;1;-1;-1;-1;-1;-1;-1;
82;Ash of War: Lion's Claw;1;0;0;255;-1;-1;-1;0;100;0;0;-1;999999;-1;-1;1;1;1;1;1;1;1;1;1;1;1;0;0;0;0;0;0;0;0;0;0;0;0;0;0;0;0;0;0;2;1;0;1;1;1;1;1;1;1;1;1;1;1;1;1;1;1;1;0;1;1;1;1;1;1;1;1;1;1;1;1;1;1;1;1;1;1;1;-1;-1;-1;-1;-1;-1;
83;Ash of War: Lion's Claw;1;0;0;255;-1;-1;-1;0;100;0;0;-1;999999;-1;-1;1;1;1;1;1;1;1;1;1;1;1;0;0;0;0;0;0;0;0;0;0;0;0;0;0;0;0;0;0;2;1;0;1;1;1;1;1;1;1;1;1;1;1;1;1;1;1;1;0;1;1;1;1;1;1;1;1;1;1;1;1;1;1;1;1;1;1;1;-1;-1;-1;-1;-1;-1;
84;Ash of War: Lion's Claw;1;0;0;255;-1;-1;-1;0;100;0;0;-1;999999;-1;-1;1;1;1;1;1;1;1;1;1;1;1;0;0;0;0;0;0;0;0;0;0;0;0;0;0;0;0;0;0;2;1;0;1;1;1;1;1;1;1;1;1;1;1;1;1;1;1;1;0;1;1;1;1;1;1;1;1;1;1;1;1;1;1;1;1;1;1;1;-1;-1;-1;-1;-1;-1;
85;Ash of War: Lion's Claw;1;0;0;255;-1;-1;-1;0;100;0;0;-1;999999;-1;-1;1;1;1;1;1;1;1;1;1;1;1;0;0;0;0;0;0;0;0;0;0;0;0;0;0;0;0;0;0;2;1;0;1;1;1;1;1;1;1;1;1;1;1;1;1;1;1;1;0;1;1;1;1;1;1;1;1;1;1;1;1;1;1;1;1;1;1;1;-1;-1;-1;-1;-1;-1;
86;Ash of War: Lion's Claw;1;0;0;255;-1;-1;-1;0;100;0;0;-1;999999;-1;-1;1;1;1;1;1;1;1;1;1;1;1;0;0;0;0;0;0;0;0;0;0;0;0;0;0;0;0;0;0;2;1;0;1;1;1;1;1;1;1;1;1;1;1;1;1;1;1;1;0;1;1;1;1;1;1;1;1;1;1;1;1;1;1;1;1;1;1;1;-1;-1;-1;-1;-1;-1;
87;Ash of War: Lion's Claw;1;0;0;255;-1;-1;-1;0;100;0;0;-1;999999;-1;-1;1;1;1;1;1;1;1;1;1;1;1;0;0;0;0;0;0;0;0;0;0;0;0;0;0;0;0;0;0;2;1;0;1;1;1;1;1;1;1;1;1;1;1;1;1;1;1;1;0;1;1;1;1;1;1;1;1;1;1;1;1;1;1;1;1;1;1;1;-1;-1;-1;-1;-1;-1;
88;Ash of War: Lion's Claw;1;0;0;255;-1;-1;-1;0;100;0;0;-1;999999;-1;-1;1;1;1;1;1;1;1;1;1;1;1;0;0;0;0;0;0;0;0;0;0;0;0;0;0;0;0;0;0;2;1;0;1;1;1;1;1;1;1;1;1;1;1;1;1;1;1;1;0;1;1;1;1;1;1;1;1;1;1;1;1;1;1;1;1;1;1;1;-1;-1;-1;-1;-1;-1;
89;Ash of War: Lion's Claw;1;0;0;255;-1;-1;-1;0;100;0;0;-1;999999;-1;-1;1;1;1;1;1;1;1;1;1;1;1;0;0;0;0;0;0;0;0;0;0;0;0;0;0;0;0;0;0;2;1;0;1;1;1;1;1;1;1;1;1;1;1;1;1;1;1;1;0;1;1;1;1;1;1;1;1;1;1;1;1;1;1;1;1;1;1;1;-1;-1;-1;-1;-1;-1;
90;Ash of War: Lion's Claw;1;0;0;255;-1;-1;-1;0;100;0;0;-1;999999;-1;-1;1;1;1;1;1;1;1;1;1;1;1;0;0;0;0;0;0;0;0;0;0;0;0;0;0;0;0;0;0;2;1;0;1;1;1;1;1;1;1;1;1;1;1;1;1;1;1;1;0;1;1;1;1;1;1;1;1;1;1;1;1;1;1;1;1;1;1;1;-1;-1;-1;-1;-1;-1;
100;Ash of War: Lion's Claw;1;0;0;255;-1;-1;-1;0;100;0;100;0;999999;-1;-1;1;1;1;1;1;1;1;1;1;1;1;0;0;0;0;0;1;0;0;0;0;0;0;0;0;1;0;1;0;2;1;0;1;1;1;1;1;1;1;1;1;1;1;1;1;1;1;1;0;1;1;1;1;1;1;1;1;1;1;1;1;1;1;1;1;1;1;1;-1;-1;-1;-1;-1;-1;
101;Ash of War: Impaling Thrust;1;0;0;255;-1;-1;-1;0;101;0;100;0;999999;-1;-1;1;1;1;1;1;1;1;1;1;1;1;0;0;0;0;0;1;0;0;0;0;0;0;0;0;1;0;1;0;2;1;0;1;1;1;1;1;1;1;1;1;1;1;1;1;1;1;1;0;1;1;1;1;1;1;1;1;1;1;1;1;1;1;1;1;1;1;1;-1;-1;-1;-1;-1;-1;
102;Ash of War: Piercing Fang;1;0;0;255;-1;-1;-1;0;102;0;100;0;999999;-1;-1;1;1;1;1;1;1;1;1;1;1;1;0;0;0;0;0;1;0;0;0;0;0;0;0;0;1;0;1;0;2;1;0;1;1;1;1;1;1;1;1;1;1;1;1;1;1;1;1;0;1;1;1;1;1;1;1;1;1;1;1;1;1;1;1;1;1;1;1;-1;-1;-1;-1;-1;-1;
103;Ash of War: Spinning Slash;1;0;0;255;-1;-1;-1;0;103;0;100;0;999999;-1;-1;1;1;1;1;1;1;1;1;1;1;1;0;0;0;0;0;1;0;0;0;0;0;0;0;0;1;0;1;0;2;1;0;1;1;1;1;1;1;1;1;1;1;1;1;1;1;1;1;0;1;1;1;1;1;1;1;1;1;1;1;1;1;1;1;1;1;1;1;-1;-1;-1;-1;-1;-1;
104;Ash of War:;1;0;0;255;-1;-1;-1;0;104;0;100;0;999999;-1;-1;1;1;1;1;1;1;1;1;1;1;1;0;0;0;0;0;1;0;0;0;0;0;0;0;0;1;0;1;0;2;1;0;1;1;1;1;1;1;1;1;1;1;1;1;1;1;1;1;0;1;1;1;1;1;1;1;1;1;1;1;1;1;1;1;1;1;1;1;-1;-1;-1;-1;-1;-1;
105;Ash of War: Charge Forth;1;0;0;255;-1;-1;-1;0;105;0;100;0;999999;-1;-1;1;1;1;1;1;1;1;1;1;1;1;0;0;0;0;0;1;0;0;0;0;0;0;0;0;1;0;1;0;2;1;0;1;1;1;1;1;1;1;1;1;1;1;1;1;1;1;1;0;1;1;1;1;1;1;1;1;1;1;1;1;1;1;1;1;1;1;1;-1;-1;-1;-1;-1;-1;
106;Ash of War: Stamp (Upward Cut);1;0;0;255;-1;-1;-1;0;106;0;100;0;999999;-1;-1;1;1;1;1;1;1;1;1;1;1;1;0;0;0;0;0;1;0;0;0;0;0;0;0;0;1;0;1;0;2;1;0;1;1;1;1;1;1;1;1;1;1;1;1;1;1;1;1;0;1;1;1;1;1;1;1;1;1;1;1;1;1;1;1;1;1;1;1;-1;-1;-1;-1;-1;-1;
107;Ash of War: Stamp (Sweep);1;0;0;255;-1;-1;-1;0;107;0;100;0;999999;-1;-1;1;1;1;1;1;1;1;1;1;1;1;0;0;0;0;0;1;0;0;0;0;0;0;0;0;1;0;1;0;2;1;0;1;1;1;1;1;1;1;1;1;1;1;1;1;1;1;1;0;1;1;1;1;1;1;1;1;1;1;1;1;1;1;1;1;1;1;1;-1;-1;-1;-1;-1;-1;
108;Ash of War: Blood Tax;1;0;0;255;-1;-1;-1;0;108;0;100;0;999999;-1;-1;1;1;1;1;1;1;1;1;1;1;1;0;0;0;0;0;1;0;0;0;0;0;0;0;0;1;0;1;0;2;1;0;1;1;1;1;1;1;1;1;1;1;1;1;1;1;1;1;0;1;1;1;1;1;1;1;1;1;1;1;1;1;1;1;1;1;1;1;-1;-1;-1;-1;-1;-1;
109;Ash of War: Repeating Thrust;1;0;0;255;-1;-1;-1;0;109;0;100;0;999999;-1;-1;1;1;1;1;1;1;1;1;1;1;1;0;0;0;0;0;1;0;0;0;0;0;0;0;0;1;0;1;0;2;1;0;1;1;1;1;1;1;1;1;1;1;1;1;1;1;1;1;0;1;1;1;1;1;1;1;1;1;1;1;1;1;1;1;1;1;1;1;-1;-1;-1;-1;-1;-1;
110;Ash of War: Wild Strikes;1;0;0;255;-1;-1;-1;0;110;0;100;0;999999;-1;-1;1;1;1;1;1;1;1;1;1;1;1;0;0;0;0;0;1;0;0;0;0;0;0;0;0;1;0;1;0;2;1;0;1;1;1;1;1;1;1;1;1;1;1;1;1;1;1;1;0;1;1;1;1;1;1;1;1;1;1;1;1;1;1;1;1;1;1;1;-1;-1;-1;-1;-1;-1;
111;Ash of War: Spinning Strikes;1;0;0;255;-1;-1;-1;0;111;0;100;0;999999;-1;-1;1;1;1;1;1;1;1;1;1;1;1;0;0;0;0;0;1;0;0;0;0;0;0;0;0;1;0;1;0;2;1;0;1;1;1;1;1;1;1;1;1;1;1;1;1;1;1;1;0;1;1;1;1;1;1;1;1;1;1;1;1;1;1;1;1;1;1;1;-1;-1;-1;-1;-1;-1;
112;Ash of War: Double Slash;1;0;0;255;-1;-1;-1;0;112;0;100;0;999999;-1;-1;1;1;1;1;1;1;1;1;1;1;1;0;0;0;0;0;1;0;0;0;0;0;0;0;0;1;0;1;0;2;1;0;1;1;1;1;1;1;1;1;1;1;1;1;1;1;1;1;0;1;1;1;1;1;1;1;1;1;1;1;1;1;1;1;1;1;1;1;-1;-1;-1;-1;-1;-1;
113;Ash of War: Prelate's Charge;1;0;0;255;-1;-1;-1;0;113;0;100;0;999999;-1;-1;1;1;1;1;1;1;1;1;1;1;1;0;0;0;0;0;1;0;0;0;0;0;0;0;0;1;0;1;0;2;1;0;1;1;1;1;1;1;1;1;1;1;1;1;1;1;1;1;0;1;1;1;1;1;1;1;1;1;1;1;1;1;1;1;1;1;1;1;-1;-1;-1;-1;-1;-1;
114;Ash of War: Unsheathe;1;0;0;255;-1;-1;-1;0;114;0;100;0;999999;-1;-1;1;1;1;1;1;1;1;1;1;1;1;0;0;0;0;0;1;0;0;0;0;0;0;0;0;1;0;1;0;2;1;0;1;1;1;1;1;1;1;1;1;1;1;1;1;1;1;1;0;1;1;1;1;1;1;1;1;1;1;1;1;1;1;1;1;1;1;1;-1;-1;-1;-1;-1;-1;
115;Ash of War: Square Off;1;0;0;255;-1;-1;-1;0;115;0;100;0;999999;-1;-1;1;1;1;1;1;1;1;1;1;1;1;0;0;0;0;0;1;0;0;0;0;0;0;0;0;1;0;1;0;2;1;0;1;1;1;1;1;1;1;1;1;1;1;1;1;1;1;1;0;1;1;1;1;1;1;1;1;1;1;1;1;1;1;1;1;1;1;1;-1;-1;-1;-1;-1;-1;
116;Ash of War: Giant Hunt;1;0;0;255;-1;-1;-1;0;116;0;100;0;999999;-1;-1;1;1;1;1;1;1;1;1;1;1;1;0;0;0;0;0;1;0;0;0;0;0;0;0;0;1;0;1;0;2;1;0;1;1;1;1;1;1;1;1;1;1;1;1;1;1;1;1;0;1;1;1;1;1;1;1;1;1;1;1;1;1;1;1;1;1;1;1;-1;-1;-1;-1;-1;-1;
117;Ash of War: Torch Attack;1;0;0;255;-1;-1;-1;0;117;0;100;0;999999;-1;-1;1;1;1;1;1;1;1;1;1;1;1;0;0;0;0;0;1;0;0;0;0;0;0;0;0;1;0;1;0;2;1;0;1;1;1;1;1;1;1;1;1;1;1;1;1;1;1;1;0;1;1;1;1;1;1;1;1;1;1;1;1;1;1;1;1;1;1;1;-1;-1;-1;-1;-1;-1;
118;Ash of War: Loretta's Slash;1;0;0;255;-1;-1;-1;0;118;0;100;0;999999;-1;-1;1;1;1;1;1;1;1;1;1;1;1;0;0;0;0;0;1;0;0;0;0;0;0;0;0;1;0;1;0;2;1;0;1;1;1;1;1;1;1;1;1;1;1;1;1;1;1;1;0;1;1;1;1;1;1;1;1;1;1;1;1;1;1;1;1;1;1;1;-1;-1;-1;-1;-1;-1;
119;Ash of War: Poison Moth Flight;1;0;0;255;-1;-1;-1;0;119;0;100;0;999999;-1;-1;1;1;1;1;1;1;1;1;1;1;1;0;0;0;0;0;1;0;0;0;0;0;0;0;0;1;0;1;0;2;1;0;1;1;1;1;1;1;1;1;1;1;1;1;1;1;1;1;0;1;1;1;1;1;1;1;1;1;1;1;1;1;1;1;1;1;1;1;-1;-1;-1;-1;-1;-1;
120;Ash of War: Spinning Weapon;1;0;0;255;-1;-1;-1;0;120;0;100;0;999999;-1;-1;1;1;1;1;1;1;1;1;1;1;1;0;0;0;0;0;1;0;0;0;0;0;0;0;0;1;0;1;0;2;1;0;1;1;1;1;1;1;1;1;1;1;1;1;1;1;1;1;0;1;1;1;1;1;1;1;1;1;1;1;1;1;1;1;1;1;1;1;-1;-1;-1;-1;-1;-1;
121;Ash of War:;1;0;0;255;-1;-1;-1;0;121;0;100;0;999999;-1;-1;1;1;1;1;1;1;1;1;1;1;1;0;0;0;0;0;1;0;0;0;0;0;0;0;0;1;0;1;0;2;1;0;1;1;1;1;1;1;1;1;1;1;1;1;1;1;1;1;0;1;1;1;1;1;1;1;1;1;1;1;1;1;1;1;1;1;1;1;-1;-1;-1;-1;-1;-1;
122;Ash of War: Storm Assault;1;0;0;255;-1;-1;-1;0;122;0;100;0;999999;-1;-1;1;1;1;1;1;1;1;1;1;1;1;0;0;0;0;0;1;0;0;0;0;0;0;0;0;1;0;1;0;2;1;0;1;1;1;1;1;1;1;1;1;1;1;1;1;1;1;1;0;1;1;1;1;1;1;1;1;1;1;1;1;1;1;1;1;1;1;1;-1;-1;-1;-1;-1;-1;
123;Ash of War: Stormcaller;1;0;0;255;-1;-1;-1;0;123;0;100;0;999999;-1;-1;1;1;1;1;1;1;1;1;1;1;1;0;0;0;0;0;1;0;0;0;0;0;0;0;0;1;0;1;0;2;1;0;1;1;1;1;1;1;1;1;1;1;1;1;1;1;1;1;0;1;1;1;1;1;1;1;1;1;1;1;1;1;1;1;1;1;1;1;-1;-1;-1;-1;-1;-1;
124;Ash of War: Sword Dance;1;0;0;255;-1;-1;-1;0;124;0;100;0;999999;-1;-1;1;1;1;1;1;1;1;1;1;1;1;0;0;0;0;0;1;0;0;0;0;0;0;0;0;1;0;1;0;2;1;0;1;1;1;1;1;1;1;1;1;1;1;1;1;1;1;1;0;1;1;1;1;1;1;1;1;1;1;1;1;1;1;1;1;1;1;1;-1;-1;-1;-1;-1;-1;
125;Ash of War: Sacred Blade;1;0;0;255;-1;-1;-1;0;201;0;100;0;999999;-1;-1;1;1;1;1;1;1;1;1;1;1;1;0;0;0;0;0;1;0;0;0;0;0;0;0;0;1;0;1;0;2;1;0;1;1;1;1;1;1;1;1;1;1;1;1;1;1;1;1;0;1;1;1;1;1;1;1;1;1;1;1;1;1;1;1;1;1;1;1;-1;-1;-1;-1;-1;-1;
126;Ash of War: Ice Spear;1;0;0;255;-1;-1;-1;0;202;0;100;0;999999;-1;-1;1;1;1;1;1;1;1;1;1;1;1;0;0;0;0;0;1;0;0;0;0;0;0;0;0;1;0;1;0;2;1;0;1;1;1;1;1;1;1;1;1;1;1;1;1;1;1;1;0;1;1;1;1;1;1;1;1;1;1;1;1;1;1;1;1;1;1;1;-1;-1;-1;-1;-1;-1;
127;Ash of War: Glintstone Pebble;1;0;0;255;-1;-1;-1;0;203;0;100;0;999999;-1;-1;1;1;1;1;1;1;1;1;1;1;1;0;0;0;0;0;1;0;0;0;0;0;0;0;0;1;0;1;0;2;1;0;1;1;1;1;1;1;1;1;1;1;1;1;1;1;1;1;0;1;1;1;1;1;1;1;1;1;1;1;1;1;1;1;1;1;1;1;-1;-1;-1;-1;-1;-1;
128;Ash of War: Bloody Slash;1;0;0;255;-1;-1;-1;0;204;0;100;0;999999;-1;-1;1;1;1;1;1;1;1;1;1;1;1;0;0;0;0;0;1;0;0;0;0;0;0;0;0;1;0;1;0;2;1;0;1;1;1;1;1;1;1;1;1;1;1;1;1;1;1;1;0;1;1;1;1;1;1;1;1;1;1;1;1;1;1;1;1;1;1;1;-1;-1;-1;-1;-1;-1;
129;Ash of War: Lifesteal Fist;1;0;0;255;-1;-1;-1;0;205;0;100;0;999999;-1;-1;1;1;1;1;1;1;1;1;1;1;1;0;0;0;0;0;1;0;0;0;0;0;0;0;0;1;0;1;0;2;1;0;1;1;1;1;1;1;1;1;1;1;1;1;1;1;1;1;0;1;1;1;1;1;1;1;1;1;1;1;1;1;1;1;1;1;1;1;-1;-1;-1;-1;-1;-1;
130;Ash of War: Eruption;1;0;0;255;-1;-1;-1;0;207;0;100;0;999999;-1;-1;1;1;1;1;1;1;1;1;1;1;1;0;0;0;0;0;1;0;0;0;0;0;0;0;0;1;0;1;0;2;1;0;1;1;1;1;1;1;1;1;1;1;1;1;1;1;1;1;0;1;1;1;1;1;1;1;1;1;1;1;1;1;1;1;1;1;1;1;-1;-1;-1;-1;-1;-1;
131;Ash of War: Prayerful Strike;1;0;0;255;-1;-1;-1;0;208;0;100;0;999999;-1;-1;1;1;1;1;1;1;1;1;1;1;1;0;0;0;0;0;1;0;0;0;0;0;0;0;0;1;0;1;0;2;1;0;1;1;1;1;1;1;1;1;1;1;1;1;1;1;1;1;0;1;1;1;1;1;1;1;1;1;1;1;1;1;1;1;1;1;1;1;-1;-1;-1;-1;-1;-1;
132;Ash of War: Gravitas;1;0;0;255;-1;-1;-1;0;209;0;100;0;999999;-1;-1;1;1;1;1;1;1;1;1;1;1;1;0;0;0;0;0;1;0;0;0;0;0;0;0;0;1;0;1;0;2;1;0;1;1;1;1;1;1;1;1;1;1;1;1;1;1;1;1;0;1;1;1;1;1;1;1;1;1;1;1;1;1;1;1;1;1;1;1;-1;-1;-1;-1;-1;-1;
133;Ash of War: Storm Blade;1;0;0;255;-1;-1;-1;0;210;0;100;0;999999;-1;-1;1;1;1;1;1;1;1;1;1;1;1;0;0;0;0;0;1;0;0;0;0;0;0;0;0;1;0;1;0;2;1;0;1;1;1;1;1;1;1;1;1;1;1;1;1;1;1;1;0;1;1;1;1;1;1;1;1;1;1;1;1;1;1;1;1;1;1;1;-1;-1;-1;-1;-1;-1;
134;Ash of War: Phantom Slash;1;0;0;255;-1;-1;-1;0;225;0;100;0;999999;-1;-1;1;1;1;1;1;1;1;1;1;1;1;0;0;0;0;0;1;0;0;0;0;0;0;0;0;1;0;1;0;2;1;0;1;1;1;1;1;1;1;1;1;1;1;1;1;1;1;1;0;1;1;1;1;1;1;1;1;1;1;1;1;1;1;1;1;1;1;1;-1;-1;-1;-1;-1;-1;
135;Ash of War: Earthshaker;1;0;0;255;-1;-1;-1;0;212;0;100;0;999999;-1;-1;1;1;1;1;1;1;1;1;1;1;1;0;0;0;0;0;1;0;0;0;0;0;0;0;0;1;0;1;0;2;1;0;1;1;1;1;1;1;1;1;1;1;1;1;1;1;1;1;0;1;1;1;1;1;1;1;1;1;1;1;1;1;1;1;1;1;1;1;-1;-1;-1;-1;-1;-1;
136;Ash of War: Golden Land;1;0;0;255;-1;-1;-1;0;213;0;100;0;999999;-1;-1;1;1;1;1;1;1;1;1;1;1;1;0;0;0;0;0;1;0;0;0;0;0;0;0;0;1;0;1;0;2;1;0;1;1;1;1;1;1;1;1;1;1;1;1;1;1;1;1;0;1;1;1;1;1;1;1;1;1;1;1;1;1;1;1;1;1;1;1;-1;-1;-1;-1;-1;-1;
137;Ash of War: Flaming Strike;1;0;0;255;-1;-1;-1;0;214;0;100;0;999999;-1;-1;1;1;1;1;1;1;1;1;1;1;1;0;0;0;0;0;1;0;0;0;0;0;0;0;0;1;0;1;0;2;1;0;1;1;1;1;1;1;1;1;1;1;1;1;1;1;1;1;0;1;1;1;1;1;1;1;1;1;1;1;1;1;1;1;1;1;1;1;-1;-1;-1;-1;-1;-1;
138;Ash of War: Thunderbolt;1;0;0;255;-1;-1;-1;0;216;0;100;0;999999;-1;-1;1;1;1;1;1;1;1;1;1;1;1;0;0;0;0;0;1;0;0;0;0;0;0;0;0;1;0;1;0;2;1;0;1;1;1;1;1;1;1;1;1;1;1;1;1;1;1;1;0;1;1;1;1;1;1;1;1;1;1;1;1;1;1;1;1;1;1;1;-1;-1;-1;-1;-1;-1;
139;Ash of War: Lightning Slash;1;0;0;255;-1;-1;-1;0;217;0;100;0;999999;-1;-1;1;1;1;1;1;1;1;1;1;1;1;0;0;0;0;0;1;0;0;0;0;0;0;0;0;1;0;1;0;2;1;0;1;1;1;1;1;1;1;1;1;1;1;1;1;1;1;1;0;1;1;1;1;1;1;1;1;1;1;1;1;1;1;1;1;1;1;1;-1;-1;-1;-1;-1;-1;
140;Ash of War: Carian Grandeur;1;0;0;255;-1;-1;-1;0;218;0;100;0;999999;-1;-1;1;1;1;1;1;1;1;1;1;1;1;0;0;0;0;0;1;0;0;0;0;0;0;0;0;1;0;1;0;2;1;0;1;1;1;1;1;1;1;1;1;1;1;1;1;1;1;1;0;1;1;1;1;1;1;1;1;1;1;1;1;1;1;1;1;1;1;1;-1;-1;-1;-1;-1;-1;
141;Ash of War: Carian Greatsword;1;0;0;255;-1;-1;-1;0;219;0;100;0;999999;-1;-1;1;1;1;1;1;1;1;1;1;1;1;0;0;0;0;0;1;0;0;0;0;0;0;0;0;1;0;1;0;2;1;0;1;1;1;1;1;1;1;1;1;1;1;1;1;1;1;1;0;1;1;1;1;1;1;1;1;1;1;1;1;1;1;1;1;1;1;1;-1;-1;-1;-1;-1;-1;
142;Ash of War: Vacuum Slice;1;0;0;255;-1;-1;-1;0;220;0;100;0;999999;-1;-1;1;1;1;1;1;1;1;1;1;1;1;0;0;0;0;0;1;0;0;0;0;0;0;0;0;1;0;1;0;2;1;0;1;1;1;1;1;1;1;1;1;1;1;1;1;1;1;1;0;1;1;1;1;1;1;1;1;1;1;1;1;1;1;1;1;1;1;1;-1;-1;-1;-1;-1;-1;
143;Ash of War: Black Flame Tornado;1;0;0;255;-1;-1;-1;0;221;0;100;0;999999;-1;-1;1;1;1;1;1;1;1;1;1;1;1;0;0;0;0;0;1;0;0;0;0;0;0;0;0;1;0;1;0;2;1;0;1;1;1;1;1;1;1;1;1;1;1;1;1;1;1;1;0;1;1;1;1;1;1;1;1;1;1;1;1;1;1;1;1;1;1;1;-1;-1;-1;-1;-1;-1;
144;Ash of War: Sacred Ring of Light;1;0;0;255;-1;-1;-1;0;222;0;100;0;999999;-1;-1;1;1;1;1;1;1;1;1;1;1;1;0;0;0;0;0;1;0;0;0;0;0;0;0;0;1;0;1;0;2;1;0;1;1;1;1;1;1;1;1;1;1;1;1;1;1;1;1;0;1;1;1;1;1;1;1;1;1;1;1;1;1;1;1;1;1;1;1;-1;-1;-1;-1;-1;-1;
146;Ash of War: Shield Bash;1;0;0;255;-1;-1;-1;0;300;0;100;0;999999;-1;-1;1;1;1;1;1;1;1;1;1;1;1;0;0;0;0;0;1;0;0;0;0;0;0;0;0;1;0;1;0;2;1;0;1;1;1;1;1;1;1;1;1;1;1;1;1;1;1;1;0;1;1;1;1;1;1;1;1;1;1;1;1;1;1;1;1;1;1;1;-1;-1;-1;-1;-1;-1;
147;Ash of War: Barricade Shield;1;0;0;255;-1;-1;-1;0;301;0;100;0;999999;-1;-1;1;1;1;1;1;1;1;1;1;1;1;0;0;0;0;0;1;0;0;0;0;0;0;0;0;1;0;1;0;2;1;0;1;1;1;1;1;1;1;1;1;1;1;1;1;1;1;1;0;1;1;1;1;1;1;1;1;1;1;1;1;1;1;1;1;1;1;1;-1;-1;-1;-1;-1;-1;
148;Ash of War: Parry;1;0;0;255;-1;-1;-1;0;302;0;100;0;999999;-1;-1;1;1;1;1;1;1;1;1;1;1;1;0;0;0;0;0;1;0;0;0;0;0;0;0;0;1;0;1;0;2;1;0;1;1;1;1;1;1;1;1;1;1;1;1;1;1;1;1;0;1;1;1;1;1;1;1;1;1;1;1;1;1;1;1;1;1;1;1;-1;-1;-1;-1;-1;-1;
149;Ash of War: Buckler Parry;1;0;0;255;-1;-1;-1;0;303;0;100;0;999999;-1;-1;1;1;1;1;1;1;1;1;1;1;1;0;0;0;0;0;1;0;0;0;0;0;0;0;0;1;0;1;0;2;1;0;1;1;1;1;1;1;1;1;1;1;1;1;1;1;1;1;0;1;1;1;1;1;1;1;1;1;1;1;1;1;1;1;1;1;1;1;-1;-1;-1;-1;-1;-1;
151;Ash of War: Carian Retaliation;1;0;0;255;-1;-1;-1;0;305;0;100;0;999999;-1;-1;1;1;1;1;1;1;1;1;1;1;1;0;0;0;0;0;1;0;0;0;0;0;0;0;0;1;0;1;0;2;1;0;1;1;1;1;1;1;1;1;1;1;1;1;1;1;1;1;0;1;1;1;1;1;1;1;1;1;1;1;1;1;1;1;1;1;1;1;-1;-1;-1;-1;-1;-1;
152;Ash of War: Storm Wall;1;0;0;255;-1;-1;-1;0;306;0;100;0;999999;-1;-1;1;1;1;1;1;1;1;1;1;1;1;0;0;0;0;0;1;0;0;0;0;0;0;0;0;1;0;1;0;2;1;0;1;1;1;1;1;1;1;1;1;1;1;1;1;1;1;1;0;1;1;1;1;1;1;1;1;1;1;1;1;1;1;1;1;1;1;1;-1;-1;-1;-1;-1;-1;
153;Ash of War: Golden Parry;1;0;0;255;-1;-1;-1;0;307;0;100;0;999999;-1;-1;1;1;1;1;1;1;1;1;1;1;1;0;0;0;0;0;1;0;0;0;0;0;0;0;0;1;0;1;0;2;1;0;1;1;1;1;1;1;1;1;1;1;1;1;1;1;1;1;0;1;1;1;1;1;1;1;1;1;1;1;1;1;1;1;1;1;1;1;-1;-1;-1;-1;-1;-1;
154;Ash of War: Shield Crash;1;0;0;255;-1;-1;-1;0;308;0;100;0;999999;-1;-1;1;1;1;1;1;1;1;1;1;1;1;0;0;0;0;0;1;0;0;0;0;0;0;0;0;1;0;1;0;2;1;0;1;1;1;1;1;1;1;1;1;1;1;1;1;1;1;1;0;1;1;1;1;1;1;1;1;1;1;1;1;1;1;1;1;1;1;1;-1;-1;-1;-1;-1;-1;
155;Ash of War: Through and Through;1;0;0;255;-1;-1;-1;0;400;0;100;0;999999;-1;-1;1;1;1;1;1;1;1;1;1;1;1;0;0;0;0;0;1;0;0;0;0;0;0;0;0;1;0;1;0;2;1;0;1;1;1;1;1;1;1;1;1;1;1;1;1;1;1;1;0;1;1;1;1;1;1;1;1;1;1;1;1;1;1;1;1;1;1;1;-1;-1;-1;-1;-1;-1;
156;Ash of War: Barrage;1;0;0;255;-1;-1;-1;0;401;0;100;0;999999;-1;-1;1;1;1;1;1;1;1;1;1;1;1;0;0;0;0;0;1;0;0;0;0;0;0;0;0;1;0;1;0;2;1;0;1;1;1;1;1;1;1;1;1;1;1;1;1;1;1;1;0;1;1;1;1;1;1;1;1;1;1;1;1;1;1;1;1;1;1;1;-1;-1;-1;-1;-1;-1;
157;Ash of War: Mighty Shot;1;0;0;255;-1;-1;-1;0;402;0;100;0;999999;-1;-1;1;1;1;1;1;1;1;1;1;1;1;0;0;0;0;0;1;0;0;0;0;0;0;0;0;1;0;1;0;2;1;0;1;1;1;1;1;1;1;1;1;1;1;1;1;1;1;1;0;1;1;1;1;1;1;1;1;1;1;1;1;1;1;1;1;1;1;1;-1;-1;-1;-1;-1;-1;
158;Ash of War: Enchanted Shot;1;0;0;255;-1;-1;-1;0;404;0;100;0;999999;-1;-1;1;1;1;1;1;1;1;1;1;1;1;0;0;0;0;0;1;0;0;0;0;0;0;0;0;1;0;1;0;2;1;0;1;1;1;1;1;1;1;1;1;1;1;1;1;1;1;1;0;1;1;1;1;1;1;1;1;1;1;1;1;1;1;1;1;1;1;1;-1;-1;-1;-1;-1;-1;
159;Ash of War: Sky Shot;1;0;0;255;-1;-1;-1;0;405;0;100;0;999999;-1;-1;1;1;1;1;1;1;1;1;1;1;1;0;0;0;0;0;1;0;0;0;0;0;0;0;0;1;0;1;0;2;1;0;1;1;1;1;1;1;1;1;1;1;1;1;1;1;1;1;0;1;1;1;1;1;1;1;1;1;1;1;1;1;1;1;1;1;1;1;-1;-1;-1;-1;-1;-1;
160;Ash of War: Rain of Arrows;1;0;0;255;-1;-1;-1;0;406;0;100;0;999999;-1;-1;1;1;1;1;1;1;1;1;1;1;1;0;0;0;0;0;1;0;0;0;0;0;0;0;0;1;0;1;0;2;1;0;1;1;1;1;1;1;1;1;1;1;1;1;1;1;1;1;0;1;1;1;1;1;1;1;1;1;1;1;1;1;1;1;1;1;1;1;-1;-1;-1;-1;-1;-1;
161;Ash of War:;1;0;0;255;-1;-1;-1;0;407;0;100;0;999999;-1;-1;1;1;1;1;1;1;1;1;1;1;1;0;0;0;0;0;1;0;0;0;0;0;0;0;0;1;0;1;0;2;1;0;1;1;1;1;1;1;1;1;1;1;1;1;1;1;1;1;0;1;1;1;1;1;1;1;1;1;1;1;1;1;1;1;1;1;1;1;-1;-1;-1;-1;-1;-1;
163;Ash of War:;1;0;0;255;-1;-1;-1;0;-1;0;100;0;999999;-1;-1;1;1;1;1;1;1;1;1;1;1;1;0;0;0;0;0;1;0;0;0;0;0;0;0;0;1;0;1;0;2;1;0;1;1;1;1;1;1;1;1;1;1;1;1;1;1;1;1;0;1;1;1;1;1;1;1;1;1;1;1;1;1;1;1;1;1;1;1;-1;-1;-1;-1;-1;-1;
164;Ash of War: Hoarfrost Stomp;1;0;0;255;-1;-1;-1;0;501;0;100;0;999999;-1;-1;1;1;1;1;1;1;1;1;1;1;1;0;0;0;0;0;1;0;0;0;0;0;0;0;0;1;0;1;0;2;1;0;1;1;1;1;1;1;1;1;1;1;1;1;1;1;1;1;0;1;1;1;1;1;1;1;1;1;1;1;1;1;1;1;1;1;1;1;-1;-1;-1;-1;-1;-1;
165;Ash of War: Storm Stomp;1;0;0;255;-1;-1;-1;0;502;0;100;0;999999;-1;-1;1;1;1;1;1;1;1;1;1;1;1;0;0;0;0;0;1;0;0;0;0;0;0;0;0;1;0;1;0;2;1;0;1;1;1;1;1;1;1;1;1;1;1;1;1;1;1;1;0;1;1;1;1;1;1;1;1;1;1;1;1;1;1;1;1;1;1;1;-1;-1;-1;-1;-1;-1;
166;Ash of War: Kick;1;0;0;255;-1;-1;-1;0;503;0;100;0;999999;-1;-1;1;1;1;1;1;1;1;1;1;1;1;0;0;0;0;0;1;0;0;0;0;0;0;0;0;1;0;1;0;2;1;0;1;1;1;1;1;1;1;1;1;1;1;1;1;1;1;1;0;1;1;1;1;1;1;1;1;1;1;1;1;1;1;1;1;1;1;1;-1;-1;-1;-1;-1;-1;
167;Ash of War: Lightning Ram;1;0;0;255;-1;-1;-1;0;504;0;100;0;999999;-1;-1;1;1;1;1;1;1;1;1;1;1;1;0;0;0;0;0;1;0;0;0;0;0;0;0;0;1;0;1;0;2;1;0;1;1;1;1;1;1;1;1;1;1;1;1;1;1;1;1;0;1;1;1;1;1;1;1;1;1;1;1;1;1;1;1;1;1;1;1;-1;-1;-1;-1;-1;-1;
168;Ash of War: Flame of the Redmanes;1;0;0;255;-1;-1;-1;0;505;0;100;0;999999;-1;-1;1;1;1;1;1;1;1;1;1;1;1;0;0;0;0;0;1;0;0;0;0;0;0;0;0;1;0;1;0;2;1;0;1;1;1;1;1;1;1;1;1;1;1;1;1;1;1;1;0;1;1;1;1;1;1;1;1;1;1;1;1;1;1;1;1;1;1;1;-1;-1;-1;-1;-1;-1;
169;Ash of War: Ground Slam;1;0;0;255;-1;-1;-1;0;506;0;100;0;999999;-1;-1;1;1;1;1;1;1;1;1;1;1;1;0;0;0;0;0;1;0;0;0;0;0;0;0;0;1;0;1;0;2;1;0;1;1;1;1;1;1;1;1;1;1;1;1;1;1;1;1;0;1;1;1;1;1;1;1;1;1;1;1;1;1;1;1;1;1;1;1;-1;-1;-1;-1;-1;-1;
170;Ash of War: Golden Slam;1;0;0;255;-1;-1;-1;0;507;0;100;0;999999;-1;-1;1;1;1;1;1;1;1;1;1;1;1;0;0;0;0;0;1;0;0;0;0;0;0;0;0;1;0;1;0;2;1;0;1;1;1;1;1;1;1;1;1;1;1;1;1;1;1;1;0;1;1;1;1;1;1;1;1;1;1;1;1;1;1;1;1;1;1;1;-1;-1;-1;-1;-1;-1;
171;Ash of War: Waves of Darkness;1;0;0;255;-1;-1;-1;0;508;0;100;0;999999;-1;-1;1;1;1;1;1;1;1;1;1;1;1;0;0;0;0;0;1;0;0;0;0;0;0;0;0;1;0;1;0;2;1;0;1;1;1;1;1;1;1;1;1;1;1;1;1;1;1;1;0;1;1;1;1;1;1;1;1;1;1;1;1;1;1;1;1;1;1;1;-1;-1;-1;-1;-1;-1;
173;Ash of War: Determination;1;0;0;255;-1;-1;-1;0;600;0;100;0;999999;-1;-1;1;1;1;1;1;1;1;1;1;1;1;0;0;0;0;0;1;0;0;0;0;0;0;0;0;1;0;1;0;2;1;0;1;1;1;1;1;1;1;1;1;1;1;1;1;1;1;1;0;1;1;1;1;1;1;1;1;1;1;1;1;1;1;1;1;1;1;1;-1;-1;-1;-1;-1;-1;
174;Ash of War: Assassin's Gambit;1;0;0;255;-1;-1;-1;0;602;0;100;0;999999;-1;-1;1;1;1;1;1;1;1;1;1;1;1;0;0;0;0;0;1;0;0;0;0;0;0;0;0;1;0;1;0;2;1;0;1;1;1;1;1;1;1;1;1;1;1;1;1;1;1;1;0;1;1;1;1;1;1;1;1;1;1;1;1;1;1;1;1;1;1;1;-1;-1;-1;-1;-1;-1;
175;Ash of War: Golden Vow;1;0;0;255;-1;-1;-1;0;603;0;100;0;999999;-1;-1;1;1;1;1;1;1;1;1;1;1;1;0;0;0;0;0;1;0;0;0;0;0;0;0;0;1;0;1;0;2;1;0;1;1;1;1;1;1;1;1;1;1;1;1;1;1;1;1;0;1;1;1;1;1;1;1;1;1;1;1;1;1;1;1;1;1;1;1;-1;-1;-1;-1;-1;-1;
176;Ash of War: Sacred Order;1;0;0;255;-1;-1;-1;0;604;0;100;0;999999;-1;-1;1;1;1;1;1;1;1;1;1;1;1;0;0;0;0;0;1;0;0;0;0;0;0;0;0;1;0;1;0;2;1;0;1;1;1;1;1;1;1;1;1;1;1;1;1;1;1;1;0;1;1;1;1;1;1;1;1;1;1;1;1;1;1;1;1;1;1;1;-1;-1;-1;-1;-1;-1;
177;Ash of War: Seppuku;1;0;0;255;-1;-1;-1;0;606;0;100;0;999999;-1;-1;1;1;1;1;1;1;1;1;1;1;1;0;0;0;0;0;1;0;0;0;0;0;0;0;0;1;0;1;0;2;1;0;1;1;1;1;1;1;1;1;1;1;1;1;1;1;1;1;0;1;1;1;1;1;1;1;1;1;1;1;1;1;1;1;1;1;1;1;-1;-1;-1;-1;-1;-1;
178;Ash of War: Cragblade;1;0;0;255;-1;-1;-1;0;607;0;100;0;999999;-1;-1;1;1;1;1;1;1;1;1;1;1;1;0;0;0;0;0;1;0;0;0;0;0;0;0;0;1;0;1;0;2;1;0;1;1;1;1;1;1;1;1;1;1;1;1;1;1;1;1;0;1;1;1;1;1;1;1;1;1;1;1;1;1;1;1;1;1;1;1;-1;-1;-1;-1;-1;-1;
179;Ash of War: Shared Order;1;0;0;255;-1;-1;-1;0;605;0;100;0;999999;-1;-1;1;1;1;1;1;1;1;1;1;1;1;0;0;0;0;0;1;0;0;0;0;0;0;0;0;1;0;1;0;2;1;0;1;1;1;1;1;1;1;1;1;1;1;1;1;1;1;1;0;1;1;1;1;1;1;1;1;1;1;1;1;1;1;1;1;1;1;1;-1;-1;-1;-1;-1;-1;
180;Ash of War: Barbaric Roar;1;0;0;255;-1;-1;-1;0;650;0;100;0;999999;-1;-1;1;1;1;1;1;1;1;1;1;1;1;0;0;0;0;0;1;0;0;0;0;0;0;0;0;1;0;1;0;2;1;0;1;1;1;1;1;1;1;1;1;1;1;1;1;1;1;1;0;1;1;1;1;1;1;1;1;1;1;1;1;1;1;1;1;1;1;1;-1;-1;-1;-1;-1;-1;
181;Ash of War: Beast's Roar;1;0;0;255;-1;-1;-1;0;652;0;100;0;999999;-1;-1;1;1;1;1;1;1;1;1;1;1;1;0;0;0;0;0;1;0;0;0;0;0;0;0;0;1;0;1;0;2;1;0;1;1;1;1;1;1;1;1;1;1;1;1;1;1;1;1;0;1;1;1;1;1;1;1;1;1;1;1;1;1;1;1;1;1;1;1;-1;-1;-1;-1;-1;-1;
182;Ash of War:;1;0;0;255;-1;-1;-1;0;-1;0;100;0;999999;-1;-1;1;1;1;1;1;1;1;1;1;1;1;0;0;0;0;0;1;0;0;0;0;0;0;0;0;1;0;1;0;2;1;0;1;1;1;1;1;1;1;1;1;1;1;1;1;1;1;1;0;1;1;1;1;1;1;1;1;1;1;1;1;1;1;1;1;1;1;1;-1;-1;-1;-1;-1;-1;
183;Ash of War: Braggart's Roar;1;0;0;255;-1;-1;-1;0;654;0;100;0;999999;-1;-1;1;1;1;1;1;1;1;1;1;1;1;0;0;0;0;0;1;0;0;0;0;0;0;0;0;1;0;1;0;2;1;0;1;1;1;1;1;1;1;1;1;1;1;1;1;1;1;1;0;1;1;1;1;1;1;1;1;1;1;1;1;1;1;1;1;1;1;1;-1;-1;-1;-1;-1;-1;
184;Ash of War: Troll's Roar;1;0;0;255;-1;-1;-1;0;653;0;100;0;999999;-1;-1;1;1;1;1;1;1;1;1;1;1;1;0;0;0;0;0;1;0;0;0;0;0;0;0;0;1;0;1;0;2;1;0;1;1;1;1;1;1;1;1;1;1;1;1;1;1;1;1;0;1;1;1;1;1;1;1;1;1;1;1;1;1;1;1;1;1;1;1;-1;-1;-1;-1;-1;-1;
185;Ash of War: Endure;1;0;0;255;-1;-1;-1;0;700;0;100;0;999999;-1;-1;1;1;1;1;1;1;1;1;1;1;1;0;0;0;0;0;1;0;0;0;0;0;0;0;0;1;0;1;0;2;1;0;1;1;1;1;1;1;1;1;1;1;1;1;1;1;1;1;0;1;1;1;1;1;1;1;1;1;1;1;1;1;1;1;1;1;1;1;-1;-1;-1;-1;-1;-1;
186;Ash of War: Vow of the Indomitable;1;0;0;255;-1;-1;-1;0;701;0;100;0;999999;-1;-1;1;1;1;1;1;1;1;1;1;1;1;0;0;0;0;0;1;0;0;0;0;0;0;0;0;1;0;1;0;2;1;0;1;1;1;1;1;1;1;1;1;1;1;1;1;1;1;1;0;1;1;1;1;1;1;1;1;1;1;1;1;1;1;1;1;1;1;1;-1;-1;-1;-1;-1;-1;
187;Ash of War: Holy Ground;1;0;0;255;-1;-1;-1;0;702;0;100;0;999999;-1;-1;1;1;1;1;1;1;1;1;1;1;1;0;0;0;0;0;1;0;0;0;0;0;0;0;0;1;0;1;0;2;1;0;1;1;1;1;1;1;1;1;1;1;1;1;1;1;1;1;0;1;1;1;1;1;1;1;1;1;1;1;1;1;1;1;1;1;1;1;-1;-1;-1;-1;-1;-1;
190;Ash of War: Quickstep;1;0;0;255;-1;-1;-1;0;800;0;100;0;999999;-1;-1;1;1;1;1;1;1;1;1;1;1;1;0;0;0;0;0;1;0;0;0;0;0;0;0;0;1;0;1;0;2;1;0;1;1;1;1;1;1;1;1;1;1;1;1;1;1;1;1;0;1;1;1;1;1;1;1;1;1;1;1;1;1;1;1;1;1;1;1;-1;-1;-1;-1;-1;-1;
191;Ash of War: Bloodhound's Step;1;0;0;255;-1;-1;-1;0;801;0;100;0;999999;-1;-1;1;1;1;1;1;1;1;1;1;1;1;0;0;0;0;0;1;0;0;0;0;0;0;0;0;1;0;1;0;2;1;0;1;1;1;1;1;1;1;1;1;1;1;1;1;1;1;1;0;1;1;1;1;1;1;1;1;1;1;1;1;1;1;1;1;1;1;1;-1;-1;-1;-1;-1;-1;
192;Ash of War: Raptor of the Mists;1;0;0;255;-1;-1;-1;0;802;0;100;0;999999;-1;-1;1;1;1;1;1;1;1;1;1;1;1;0;0;0;0;0;1;0;0;0;0;0;0;0;0;1;0;1;0;2;1;0;1;1;1;1;1;1;1;1;1;1;1;1;1;1;1;1;0;1;1;1;1;1;1;1;1;1;1;1;1;1;1;1;1;1;1;1;-1;-1;-1;-1;-1;-1;
194;Ash of War: White Shadow's Lure;1;0;0;255;-1;-1;-1;0;850;0;100;0;999999;-1;-1;1;1;1;1;1;1;1;1;1;1;1;0;0;0;0;0;1;0;0;0;0;0;0;0;0;1;0;1;0;2;1;0;1;1;1;1;1;1;1;1;1;1;1;1;1;1;1;1;0;1;1;1;1;1;1;1;1;1;1;1;1;1;1;1;1;1;1;1;-1;-1;-1;-1;-1;-1;
195;Ash of War: Sword Dance;1;0;0;255;-1;-1;-1;0;124;0;100;0;999999;-1;-1;1;1;1;1;1;1;1;1;1;1;1;0;0;0;0;0;1;0;0;0;0;0;0;0;0;1;0;1;0;2;1;0;1;1;1;1;1;1;1;1;1;1;1;1;1;1;1;1;0;1;1;1;1;1;1;1;1;1;1;1;1;1;1;1;1;1;1;1;-1;-1;-1;-1;-1;-1;
196;Ash of War: Firebreather;1;0;0;255;-1;-1;-1;0;223;0;100;0;999999;-1;-1;1;1;1;1;1;1;1;1;1;1;1;0;0;0;0;0;1;0;0;0;0;0;0;0;0;1;0;1;0;2;1;0;1;1;1;1;1;1;1;1;1;1;1;1;1;1;1;1;0;1;1;1;1;1;1;1;1;1;1;1;1;1;1;1;1;1;1;1;-1;-1;-1;-1;-1;-1;
197;Ash of War: Blood Blade;1;0;0;255;-1;-1;-1;0;224;0;100;0;999999;-1;-1;1;1;1;1;1;1;1;1;1;1;1;0;0;0;0;0;1;0;0;0;0;0;0;0;0;1;0;1;0;2;1;0;1;1;1;1;1;1;1;1;1;1;1;1;1;1;1;1;0;1;1;1;1;1;1;1;1;1;1;1;1;1;1;1;1;1;1;1;-1;-1;-1;-1;-1;-1;
198;Ash of War: Thops's Barrier;1;0;0;255;-1;-1;-1;0;309;0;100;0;999999;-1;-1;1;1;1;1;1;1;1;1;1;1;1;0;0;0;0;0;1;0;0;0;0;0;0;0;0;1;0;1;0;2;1;0;1;1;1;1;1;1;1;1;1;1;1;1;1;1;1;1;0;1;1;1;1;1;1;1;1;1;1;1;1;1;1;1;1;1;1;1;-1;-1;-1;-1;-1;-1;
1000;Ash of War: Lion's Claw;1;21000;0;255;2300;-1;-1;710600;100;0;100;0;999999;-1;-1;1;1;1;1;1;1;1;1;1;1;1;1;1;0;0;0;1;0;0;0;0;0;0;0;0;1;0;1;0;2;1;1;0;1;1;1;1;1;1;0;0;0;1;1;1;1;1;0;0;0;0;0;0;0;0;1;0;0;0;0;0;0;0;0;0;0;0;0;2300;-1;-1;-1;-1;-1;
1001;Ash of War: Impaling Thrust;1;21000;0;255;-1;-1;-1;0;101;0;100;0;999999;-1;-1;1;1;1;1;1;1;1;1;1;1;1;1;1;0;0;0;1;0;0;0;0;0;0;0;0;1;0;1;0;2;1;2;1;1;1;0;0;0;1;1;1;1;0;0;0;0;0;1;0;1;1;0;0;0;0;0;0;0;0;0;0;0;0;0;0;0;0;0;-1;-1;-1;-1;-1;-1;
1002;Ash of War: Spinning Slash;1;21000;0;255;-1;-1;-1;0;103;0;100;0;999999;-1;-1;1;1;1;1;1;1;1;1;1;1;1;1;1;0;0;0;1;0;0;0;0;0;0;0;0;1;0;1;0;2;1;2;1;1;1;1;1;1;1;1;0;0;1;1;1;1;1;0;0;0;0;0;1;1;0;1;0;0;0;0;0;0;0;0;0;0;0;0;-1;-1;-1;-1;-1;-1;
1003;Ash of War:;1;21000;0;255;-1;-1;-1;0;104;0;100;0;999999;-1;-1;1;1;1;1;1;1;1;1;1;1;1;0;0;0;0;0;1;0;0;0;0;0;0;0;0;1;0;1;0;2;1;0;0;0;0;0;0;0;0;0;0;0;0;0;0;0;0;1;0;1;1;1;0;0;0;0;0;0;0;0;0;0;0;0;0;0;0;0;-1;-1;-1;-1;-1;-1;
1004;Ash of War: Glintblade Phalanx;1;21001;0;255;2810;-1;-1;710600;200;0;100;0;999999;-1;-1;1;1;1;1;0;0;0;1;0;1;0;0;1;0;0;0;1;0;0;0;0;0;0;0;0;1;0;1;0;2;1;8;1;1;1;1;1;1;1;1;1;1;1;1;1;1;1;1;0;1;1;1;1;1;1;1;0;0;0;0;0;0;0;0;0;0;0;0;2810;-1;-1;-1;-1;-1;
1005;Ash of War:;1;0;0;255;-1;-1;-1;0;-1;0;100;0;999999;-1;-1;0;0;0;0;0;0;0;0;0;0;1;0;0;0;0;0;1;0;0;0;0;0;0;0;0;1;0;1;0;2;1;0;1;1;1;1;1;1;1;1;1;1;0;0;0;0;0;0;0;0;0;1;0;0;0;0;0;0;0;0;0;0;0;0;0;0;0;0;-1;-1;-1;-1;-1;-1;
1006;Ash of War: Eruption;1;21042;0;255;2390;-1;-1;710600;207;0;100;0;999999;-1;-1;1;1;1;1;1;1;0;0;0;1;0;0;0;0;0;0;1;0;0;0;0;0;0;0;0;1;0;1;0;2;1;4;0;1;1;1;1;1;1;1;0;1;1;1;1;1;1;1;0;1;1;1;0;0;0;1;0;0;0;0;0;0;0;0;0;0;0;0;2390;-1;-1;-1;-1;-1;
1007;Ash of War: Gravitas;1;21011;0;255;2390;-1;-1;710600;209;0;100;0;999999;-1;-1;1;1;1;1;0;0;0;1;0;1;0;0;1;0;0;0;1;0;0;0;0;0;0;0;0;1;0;1;0;2;1;8;0;1;1;1;1;1;1;1;1;1;1;1;1;1;1;1;0;1;1;1;0;0;0;1;0;0;0;0;0;0;0;0;0;0;0;0;2390;-1;-1;-1;-1;-1;
1008;Ash of War: Storm Blade;1;21014;0;255;2330;-1;-1;710600;210;0;100;0;999999;-1;-1;1;1;1;1;1;1;1;1;1;1;1;1;1;0;0;0;1;0;0;0;0;0;0;0;0;1;0;1;0;2;1;3;1;1;1;0;1;1;1;1;1;1;1;1;1;1;1;1;0;1;1;1;0;0;0;0;0;0;0;0;0;0;0;0;0;0;0;0;2330;-1;-1;-1;-1;-1;
1009;Ash of War: Earthshaker;1;21050;0;255;2390;-1;-1;710600;212;0;100;0;999999;-1;-1;1;1;1;1;1;1;1;1;1;1;1;1;1;0;0;0;1;0;0;0;0;0;0;0;0;1;0;1;0;2;1;1;0;0;1;1;0;1;0;0;0;0;1;1;1;1;1;0;0;1;1;1;0;0;0;1;0;0;0;0;0;0;0;0;0;0;0;0;2390;-1;-1;-1;-1;-1;
1010;Ash of War: Flaming Strike;1;21050;0;255;-1;-1;-1;0;214;0;100;0;999999;-1;-1;1;1;1;1;1;1;0;0;0;1;0;0;0;0;0;0;1;0;0;0;0;0;0;0;0;1;0;1;0;2;1;4;1;1;1;1;1;1;1;1;1;1;1;1;1;1;1;1;0;1;1;1;0;0;0;1;0;0;0;0;0;0;0;0;0;0;0;0;-1;-1;-1;-1;-1;-1;
1011;Ash of War: Thunderbolt;1;21028;0;255;2280;-1;-1;710600;216;0;100;0;999999;-1;-1;1;1;1;1;0;0;1;0;0;1;0;0;0;0;0;0;1;0;0;0;0;0;0;0;0;1;0;1;0;2;1;6;1;1;1;1;1;1;1;1;1;1;1;1;1;1;1;1;0;1;1;1;1;1;1;1;0;0;0;0;0;0;0;0;0;0;0;0;2280;-1;-1;-1;-1;-1;
1012;Ash of War: Carian Greatsword;1;21033;0;255;2330;-1;-1;710600;219;0;100;0;999999;-1;-1;1;1;1;1;0;0;0;1;0;1;0;0;1;0;0;0;1;0;0;0;0;0;0;0;0;1;0;1;0;2;1;8;1;1;1;0;1;0;1;1;1;1;1;1;1;1;1;1;0;1;1;1;1;1;1;1;0;0;0;0;0;0;0;0;0;0;0;0;2330;-1;-1;-1;-1;-1;
1013;Ash of War: Storm Stomp;1;21042;0;255;2330;-1;-1;710600;502;0;100;0;999999;-1;-1;1;1;1;1;1;1;1;1;1;1;1;0;0;0;0;0;1;0;0;0;0;0;0;0;0;1;0;1;0;2;1;0;1;1;1;1;1;1;1;1;1;1;1;1;1;1;1;1;0;1;1;1;1;1;1;1;0;0;0;0;0;0;0;0;0;0;0;0;2330;-1;-1;-1;-1;-1;
1014;Ash of War: Determination;1;21017;0;255;2300;-1;-1;710600;600;0;100;0;999999;-1;-1;1;1;1;1;1;1;1;1;1;1;1;1;1;0;0;0;1;0;0;0;0;0;0;0;0;1;0;1;0;2;1;3;1;1;1;1;1;1;1;1;1;1;1;1;1;1;1;1;0;1;1;1;1;1;1;1;0;0;0;0;0;0;0;0;0;0;0;0;2300;-1;-1;-1;-1;-1;
1015;Ash of War: Holy Ground;1;21054;0;255;2760;-1;-1;710600;702;0;100;0;999999;-1;-1;1;1;1;1;0;0;0;0;0;1;0;0;0;0;0;0;1;0;0;0;0;0;0;0;0;1;0;1;0;2;1;7;1;1;1;1;1;1;1;1;1;1;1;1;1;1;1;1;0;1;1;1;1;1;1;1;0;0;0;0;0;0;0;0;1;1;1;1;2760;-1;-1;-1;-1;-1;
1016;Ash of War: Quickstep;1;21058;0;255;2280;-1;-1;710600;800;0;100;0;999999;-1;-1;1;1;1;1;1;1;1;1;1;1;1;1;1;0;0;0;1;0;0;0;0;0;0;0;0;1;0;1;0;2;1;2;1;1;1;1;1;1;1;1;1;1;1;1;1;1;1;1;0;1;1;1;1;1;1;1;0;0;0;0;0;0;0;0;1;1;1;1;2280;-1;-1;-1;-1;-1;
1017;Ash of War: Raptor of the Mists;1;0;0;255;-1;-1;-1;0;802;0;100;0;999999;-1;-1;1;1;1;1;1;1;1;1;1;1;1;1;1;0;0;0;1;0;0;0;0;0;0;0;0;1;0;1;0;2;1;9;1;1;1;1;1;1;1;1;1;1;1;1;1;1;1;1;0;1;1;1;1;1;1;1;0;0;0;0;0;0;0;0;1;1;1;1;-1;-1;-1;-1;-1;-1;
10000;Ash of War: Lion's Claw;1;8300;0;10;-1;-1;-1;710600;100;0;300;0;350030;-1;-1;1;1;1;1;1;1;1;1;1;1;1;1;1;0;0;0;1;0;0;0;0;0;0;0;0;1;1;1;0;2;1;1;0;1;1;1;1;1;1;1;0;0;1;1;1;1;1;0;0;0;0;0;0;0;0;1;0;0;0;0;0;0;0;0;0;0;0;0;-1;-1;-1;-1;-1;63000;
10100;Ash of War: Impaling Thrust;1;8301;0;20;-1;-1;-1;710600;101;0;300;0;351010;-1;-1;1;1;1;1;1;1;1;1;1;1;1;1;1;0;0;0;1;0;0;0;0;0;0;0;0;1;1;1;0;2;1;2;1;1;1;0;0;0;1;1;1;1;0;0;0;0;0;1;0;1;1;0;0;1;0;0;0;0;0;0;0;0;0;0;0;0;0;0;-1;-1;-1;-1;-1;63004;
10200;Ash of War: Piercing Fang;0;8302;0;20;-1;-1;-1;710600;102;0;300;0;351020;-1;-1;1;1;1;1;1;1;1;1;1;1;1;1;1;0;0;0;2;0;0;0;0;0;0;0;0;1;1;1;0;2;1;2;0;1;1;0;0;0;1;1;1;1;0;0;0;0;0;1;0;1;1;0;0;0;0;0;0;0;0;0;0;0;0;0;0;0;0;0;-1;-1;-1;-1;-1;63001;
10300;Ash of War: Spinning Slash;1;8303;0;20;-1;-1;-1;710600;103;0;300;0;351000;-1;-1;1;1;1;1;1;1;1;1;1;1;1;1;1;0;0;0;1;0;0;0;0;0;0;0;0;1;1;1;0;2;1;2;1;1;1;0;1;1;1;1;0;0;1;1;0;0;0;1;0;1;1;1;0;0;0;0;0;0;0;0;0;0;0;0;0;0;0;0;-1;-1;-1;-1;-1;63002;
10500;Ash of War: Charge Forth;1;8304;0;30;-1;-1;-1;710600;105;0;300;0;352010;-1;-1;1;1;1;1;1;1;1;1;1;1;1;1;1;0;0;0;1;0;0;0;0;0;0;0;0;1;1;1;0;2;1;3;0;0;0;0;0;0;0;1;0;1;0;0;0;0;0;1;0;1;1;0;0;0;0;0;0;0;0;0;0;0;0;0;0;0;0;0;-1;-1;-1;-1;-1;63013;
10600;Ash of War: Stamp (Upward Cut);1;8305;0;10;-1;-1;-1;710600;106;0;300;0;350000;-1;-1;1;1;1;1;1;1;1;1;1;1;1;1;1;0;0;0;1;0;0;0;0;0;0;0;0;1;1;1;0;2;1;1;0;0;1;1;0;1;0;0;0;1;1;1;1;1;1;0;0;0;0;0;0;0;0;1;0;0;0;0;0;0;0;0;0;0;0;0;-1;-1;-1;-1;-1;63003;
10700;Ash of War: Stamp (Sweep);1;8306;0;10;-1;-1;-1;710600;107;0;300;0;350010;-1;-1;1;1;1;1;1;1;1;1;1;1;1;1;1;0;0;0;1;0;0;0;0;0;0;0;0;1;1;1;0;2;1;1;0;0;1;1;0;1;0;0;0;1;1;1;1;1;1;0;0;0;0;0;0;0;0;1;0;0;0;0;0;0;0;0;0;0;0;0;-1;-1;-1;-1;-1;63003;
10800;Ash of War: Blood Tax;1;8307;0;90;-1;-1;-1;710600;108;0;300;0;359020;-1;-1;1;1;1;1;0;0;0;0;0;0;1;1;1;0;0;0;2;0;0;0;0;0;0;0;0;1;1;1;0;2;1;11;1;1;1;0;0;0;1;1;1;1;0;0;0;0;0;1;0;1;1;0;0;0;0;0;0;0;0;0;0;0;0;0;0;0;0;0;-1;-1;-1;-1;-1;63004;
10900;Ash of War: Repeating Thrust;0;8308;0;20;-1;-1;-1;710600;109;0;300;0;351030;-1;-1;1;1;1;1;1;1;1;1;1;1;1;1;1;0;0;0;1;0;0;0;0;0;0;0;0;1;1;1;0;2;1;2;1;1;1;0;0;0;1;1;1;1;0;0;0;0;0;1;0;1;1;0;0;0;0;0;0;0;0;0;0;0;0;0;0;0;0;0;-1;-1;-1;-1;-1;63004;
11000;Ash of War: Wild Strikes;1;8309;0;10;-1;-1;-1;710600;110;0;300;0;350020;-1;-1;1;1;1;1;1;1;1;1;1;1;1;1;1;0;0;0;1;0;0;0;0;0;0;0;0;1;1;1;0;2;1;1;0;0;1;0;1;1;0;0;0;0;1;1;1;1;1;0;0;0;0;0;0;0;0;0;0;0;0;0;0;0;0;0;0;0;0;0;-1;-1;-1;-1;-1;63043;
11100;Ash of War: Spinning Strikes;1;8310;0;30;-1;-1;-1;710600;111;0;300;0;352020;-1;-1;1;1;1;1;1;1;1;1;1;1;1;1;1;0;0;0;1;0;0;0;0;0;0;0;0;1;1;1;0;2;1;3;0;0;0;0;0;0;0;0;0;0;0;0;0;0;0;1;0;0;1;1;0;0;0;0;0;0;0;0;0;0;0;0;0;0;0;0;-1;-1;-1;-1;-1;63025;
11200;Ash of War: Double Slash;1;8311;0;20;-1;-1;-1;710600;112;0;300;0;351040;-1;-1;1;1;1;1;1;1;1;1;1;1;1;1;1;0;0;0;1;0;0;0;0;0;0;0;0;1;1;1;0;2;1;2;1;1;1;0;1;1;1;1;0;0;0;0;0;0;0;0;0;0;1;1;0;0;0;0;0;0;0;0;0;0;0;0;0;0;0;0;-1;-1;-1;-1;-1;63006;
11300;Ash of War: Prelate's Charge;1;8312;0;50;-1;-1;-1;710600;113;0;300;0;355000;-1;-1;1;1;1;1;1;1;0;0;0;0;0;0;0;0;0;0;2;0;0;0;0;0;0;0;0;1;1;1;0;2;1;5;0;0;0;0;0;0;0;0;0;0;0;1;0;1;0;0;0;0;0;0;0;0;0;1;0;0;0;0;0;0;0;0;0;0;0;0;-1;-1;-1;-1;-1;63007;
11400;Ash of War: Unsheathe;1;8313;0;20;-1;-1;-1;710600;114;0;300;0;351060;-1;-1;1;1;1;1;1;1;1;1;1;1;1;1;1;0;0;0;1;0;0;0;0;0;0;0;0;1;1;1;0;2;1;2;0;0;0;0;0;0;1;0;0;0;0;0;0;0;0;0;0;0;0;0;0;0;0;0;0;0;0;0;0;0;0;0;0;0;0;0;-1;-1;-1;-1;-1;63008;
11500;Ash of War: Square Off;1;8314;0;30;-1;-1;-1;710600;115;0;300;0;352000;-1;-1;1;1;1;1;1;1;1;1;1;1;1;1;1;0;0;0;1;0;0;0;0;0;0;0;0;1;1;1;0;2;1;3;0;1;0;0;0;0;0;0;0;0;0;0;0;0;0;0;0;0;0;0;0;0;0;0;0;0;0;0;0;0;0;0;0;0;0;0;-1;-1;-1;-1;-1;63009;
11600;Ash of War: Giant Hunt;1;8315;0;30;-1;-1;-1;710600;116;0;300;0;352030;-1;-1;1;1;1;1;1;1;1;1;1;1;1;1;1;0;0;0;2;0;0;0;0;0;0;0;0;1;1;1;0;2;1;3;0;0;1;1;0;0;0;1;0;1;0;0;0;0;0;1;0;1;1;0;0;0;0;0;0;0;0;0;0;0;0;0;0;0;0;0;-1;-1;-1;-1;-1;63010;
11800;Ash of War: Loretta's Slash;1;8316;0;40;-1;-1;-1;710600;118;0;300;0;353060;-1;-1;1;1;1;1;0;0;0;0;1;1;0;0;0;0;0;0;2;0;0;0;0;0;0;0;0;1;1;1;0;2;1;8;0;0;0;0;0;0;0;1;0;0;0;0;0;0;0;1;0;1;1;1;0;0;0;0;0;0;0;0;0;0;0;0;0;0;0;0;-1;-1;-1;-1;-1;63024;
11900;Ash of War: Poison Moth Flight;1;8317;0;90;-1;-1;-1;710600;119;0;300;0;358010;-1;-1;1;1;1;1;0;0;0;0;0;0;1;1;1;0;0;0;2;0;0;0;0;0;0;0;0;1;1;1;0;2;1;10;1;1;0;0;1;0;1;0;1;0;0;0;0;0;0;0;0;0;0;0;0;0;0;0;0;0;0;0;0;0;0;0;0;0;0;0;-1;-1;-1;-1;-1;63011;
12000;Ash of War: Spinning Weapon;1;8318;0;40;-1;-1;-1;710600;120;0;300;0;353050;-1;-1;1;1;1;1;0;0;0;0;1;1;0;0;0;0;0;0;1;0;0;0;0;0;0;0;0;1;1;1;0;2;1;8;1;1;0;0;1;0;1;1;1;0;1;0;1;0;1;1;0;0;1;1;0;0;0;0;0;0;0;0;0;1;0;0;0;0;0;0;-1;-1;-1;-1;-1;63012;
12200;Ash of War: Storm Assault;1;8319;0;30;-1;-1;-1;710600;122;0;300;0;352050;-1;-1;1;1;1;1;1;1;1;1;1;1;1;1;1;0;0;0;1;0;0;0;0;0;0;0;0;1;1;1;0;2;1;3;0;0;0;0;0;0;0;1;0;1;0;0;0;0;0;1;0;1;1;0;0;0;0;0;0;0;0;0;0;0;0;0;0;0;0;0;-1;-1;-1;-1;-1;63013;
12300;Ash of War: Stormcaller;1;8320;0;30;-1;-1;-1;710600;123;0;300;0;352060;-1;-1;1;1;1;1;1;1;1;1;1;1;1;1;1;0;0;0;1;0;0;0;0;0;0;0;0;1;1;1;0;2;1;3;0;1;1;0;1;1;1;1;0;0;1;1;1;1;1;1;0;1;1;1;0;0;0;0;0;0;0;0;0;0;0;0;0;0;0;0;-1;-1;-1;-1;-1;63014;
12400;Ash of War: Sword Dance;1;8321;0;20;-1;-1;-1;710600;124;0;300;0;351050;-1;-1;1;1;1;1;1;1;1;1;1;1;1;1;1;0;0;0;1;0;0;0;0;0;0;0;0;1;1;1;0;2;1;2;1;1;1;0;1;1;1;1;0;0;1;1;0;0;0;1;0;0;1;1;0;0;0;0;0;0;0;0;0;0;0;0;0;0;0;0;-1;-1;-1;-1;-1;63015;
20000;Ash of War: Glintblade Phalanx;0;8330;0;40;-1;-1;-1;710600;200;0;300;0;353020;-1;-1;1;1;1;1;0;0;0;0;1;1;0;0;0;0;0;0;1;0;0;0;0;0;0;0;0;1;1;1;0;2;1;8;1;1;1;0;1;1;1;1;1;1;0;0;0;0;0;1;0;1;1;0;0;0;0;0;0;0;0;0;0;0;0;0;0;0;0;0;-1;-1;-1;-1;-1;63037;
20100;Ash of War: Sacred Blade;1;8331;0;80;-1;-1;-1;710600;201;0;300;0;357000;-1;-1;1;1;1;1;0;0;1;1;0;0;0;0;0;0;0;0;1;0;0;0;0;0;0;0;0;1;1;1;0;2;1;7;1;1;1;1;1;1;1;1;1;1;1;1;1;1;1;1;0;1;1;1;0;0;0;1;0;0;0;0;0;0;0;0;0;0;0;0;-1;-1;-1;-1;-1;63044;
20200;Ash of War: Ice Spear;1;8332;0;90;-1;-1;-1;710600;202;0;300;0;360000;-1;-1;1;1;1;1;0;0;0;0;1;1;0;0;0;0;0;0;1;0;0;0;0;0;0;0;0;1;1;1;0;2;1;9;0;0;0;0;0;0;0;1;0;0;0;0;0;0;0;1;0;1;1;0;0;0;0;0;0;0;0;0;0;0;0;0;0;0;0;0;-1;-1;-1;-1;-1;63016;
20300;Ash of War: Glintstone Pebble;1;8333;0;40;-1;-1;-1;710600;203;0;300;0;353010;-1;-1;1;1;1;1;0;0;0;0;1;1;0;0;0;0;0;0;1;0;0;0;0;0;0;0;0;1;1;1;0;2;1;8;1;1;1;0;1;1;1;1;1;1;0;0;0;0;0;1;0;1;1;0;0;0;0;0;0;0;0;0;0;0;0;0;0;0;0;0;-1;-1;-1;-1;-1;63037;
20400;Ash of War: Bloody Slash;1;8334;0;90;-1;-1;-1;710600;204;0;300;0;359010;-1;-1;1;1;1;1;0;0;0;0;0;0;1;1;1;0;0;0;1;0;0;0;0;0;0;0;0;1;1;1;0;2;1;11;1;1;1;0;1;1;1;1;1;1;0;0;0;0;0;0;0;0;0;0;0;0;0;0;0;0;0;0;0;0;0;0;0;0;0;0;-1;-1;-1;-1;-1;63022;
20500;Ash of War: Lifesteal Fist;1;8335;0;120;-1;-1;-1;710600;205;0;300;0;361010;-1;-1;1;1;1;1;0;0;0;0;0;0;1;1;1;0;0;0;2;0;0;0;0;0;0;0;0;1;1;1;0;2;1;12;0;0;0;0;0;0;0;0;0;0;0;0;0;0;0;0;0;0;0;0;1;1;0;0;0;0;0;0;0;0;0;0;0;0;0;0;-1;-1;-1;-1;-1;63017;
20700;Ash of War: Eruption;1;8336;0;50;-1;-1;-1;710600;207;0;300;0;354020;-1;-1;1;1;1;1;1;1;0;0;0;0;0;0;0;0;0;0;1;0;0;0;0;0;0;0;0;1;1;1;0;2;1;4;0;0;1;1;0;1;0;0;0;1;0;1;0;1;0;0;0;0;0;0;0;0;0;1;0;0;0;0;0;0;0;0;0;0;0;0;-1;-1;-1;-1;-1;63039;
20800;Ash of War: Prayerful Strike;1;8337;0;80;-1;-1;-1;710600;208;0;300;0;357010;-1;-1;1;1;1;1;0;0;1;1;0;0;0;0;0;0;0;0;1;0;0;0;0;0;0;0;0;1;1;1;0;2;1;7;0;0;0;0;0;0;0;0;0;0;1;1;1;1;1;0;0;0;0;0;0;0;0;1;0;0;0;0;0;0;0;0;0;0;0;0;-1;-1;-1;-1;-1;63018;
20900;Ash of War: Gravitas;0;8338;0;40;-1;-1;-1;710600;209;0;300;0;353070;-1;-1;1;1;1;1;0;0;0;0;1;1;0;0;0;0;0;0;2;0;0;0;0;0;0;0;0;1;1;1;0;2;1;8;0;1;1;1;1;1;1;1;1;1;1;1;1;1;1;1;0;1;1;1;0;0;0;1;0;0;0;0;0;0;0;0;0;0;0;0;-1;-1;-1;-1;-1;63019;
21000;Ash of War: Storm Blade;0;8339;0;30;-1;-1;-1;710600;210;0;300;0;352040;-1;-1;1;1;1;1;1;1;1;1;1;1;1;1;1;0;0;0;1;0;0;0;0;0;0;0;0;1;1;1;0;2;1;3;1;1;1;0;1;1;1;0;1;1;0;0;0;0;0;0;0;0;0;0;0;0;0;0;0;0;0;0;0;0;0;0;0;0;0;0;-1;-1;-1;-1;-1;63020;
21200;Ash of War: Earthshaker;1;8340;0;10;-1;-1;-1;710600;212;0;300;0;350080;-1;-1;1;1;1;1;1;1;1;1;1;1;1;1;1;0;0;0;1;0;0;0;0;0;0;0;0;1;1;1;0;2;1;1;0;0;0;1;0;0;0;0;0;0;0;1;0;1;0;0;0;1;0;0;0;0;0;1;0;0;0;0;0;0;0;0;0;0;0;0;-1;-1;-1;-1;-1;63050;
21300;Ash of War: Golden Land;1;8341;0;80;-1;-1;-1;710600;213;0;300;0;357050;-1;-1;1;1;1;1;0;0;1;1;0;0;0;0;0;0;0;0;2;0;0;0;0;0;0;0;0;1;1;1;0;2;1;7;0;0;0;1;0;0;0;0;0;0;0;1;0;1;0;0;0;1;0;0;0;0;0;1;0;0;0;0;0;0;0;0;0;0;0;0;-1;-1;-1;-1;-1;63050;
21400;Ash of War: Flaming Strike;1;8342;0;50;-1;-1;-1;710600;214;0;300;0;354000;-1;-1;1;1;1;1;1;1;0;0;0;0;0;0;0;0;0;0;1;0;0;0;0;0;0;0;0;1;1;1;0;2;1;4;1;1;1;0;1;1;1;1;1;1;1;1;1;1;1;1;0;1;1;1;1;1;0;0;0;0;0;0;0;0;0;0;0;0;0;0;-1;-1;-1;-1;-1;63045;
21600;Ash of War: Thunderbolt;0;8343;0;50;-1;-1;-1;710600;216;0;300;0;356000;-1;-1;1;1;1;1;0;0;1;1;0;0;0;0;0;0;0;0;1;0;0;0;0;0;0;0;0;1;1;1;0;2;1;6;1;1;1;1;1;1;1;1;1;1;1;1;1;1;1;1;0;1;1;1;1;1;1;1;0;0;0;0;0;0;0;0;0;0;0;0;-1;-1;-1;-1;-1;63042;
21700;Ash of War: Lightning Slash;1;8344;0;50;-1;-1;-1;710600;217;0;300;0;356010;-1;-1;1;1;1;1;0;0;1;1;0;0;0;0;0;0;0;0;1;0;0;0;0;0;0;0;0;1;1;1;0;2;1;6;1;1;1;1;1;1;1;1;1;1;1;1;1;1;1;0;0;0;0;0;0;0;0;1;0;0;0;0;0;0;0;0;0;0;0;0;-1;-1;-1;-1;-1;63021;
21800;Ash of War: Carian Grandeur;1;8345;0;40;-1;-1;-1;710600;218;0;300;0;353040;-1;-1;1;1;1;1;0;0;0;0;1;1;0;0;0;0;0;0;2;0;0;0;0;0;0;0;0;1;1;1;0;2;1;8;1;1;1;0;1;1;1;1;1;1;0;0;0;0;0;0;0;0;0;0;0;0;0;0;0;0;0;0;0;0;0;0;0;0;0;0;-1;-1;-1;-1;-1;63022;
21900;Ash of War: Carian Greatsword;0;8346;0;40;-1;-1;-1;710600;219;0;300;0;353030;-1;-1;1;1;1;1;0;0;0;0;1;1;0;0;0;0;0;0;1;0;0;0;0;0;0;0;0;1;1;1;0;2;1;8;1;1;1;0;1;1;1;1;1;1;0;0;0;0;0;0;0;0;0;0;0;0;0;0;0;0;0;0;0;0;0;0;0;0;0;0;-1;-1;-1;-1;-1;63022;
22000;Ash of War: Vacuum Slice;1;8347;0;30;-1;-1;-1;710600;220;0;300;0;352080;-1;-1;1;1;1;1;1;1;1;1;1;1;1;1;1;0;0;0;2;0;0;0;0;0;0;0;0;1;1;1;0;2;1;3;1;1;1;1;1;1;1;1;1;1;1;1;0;0;0;0;0;0;0;0;0;0;0;0;0;0;0;0;0;0;0;0;0;0;0;0;-1;-1;-1;-1;-1;63049;
22100;Ash of War: Black Flame Tornado;1;8348;0;50;-1;-1;-1;710600;221;0;300;0;355010;-1;-1;1;1;1;1;1;1;0;0;0;0;0;0;0;0;0;0;2;0;0;0;0;0;0;0;0;1;1;1;0;2;1;5;0;0;0;0;0;0;0;1;0;0;0;0;0;0;0;1;0;1;1;1;0;0;0;0;0;0;0;0;0;0;0;0;0;0;0;0;-1;-1;-1;-1;-1;63024;
22200;Ash of War: Sacred Ring of Light;1;8349;0;80;-1;-1;-1;710600;222;0;300;0;357020;-1;-1;1;1;1;1;0;0;1;1;0;0;0;0;0;0;0;0;1;0;0;0;0;0;0;0;0;1;1;1;0;2;1;7;0;0;0;0;0;0;0;0;0;0;0;0;0;0;0;1;0;0;1;1;0;0;0;0;0;0;0;0;0;0;0;0;0;0;0;0;-1;-1;-1;-1;-1;63025;
22400;Ash of War: Blood Blade;1;8350;0;90;-1;-1;-1;710600;224;0;300;0;359000;-1;-1;1;1;1;1;0;0;0;0;0;0;1;1;1;0;0;0;1;0;0;0;0;0;0;0;0;1;1;1;0;2;1;11;1;1;0;0;1;0;1;1;1;0;0;0;0;0;0;0;0;0;0;0;0;0;0;0;0;0;0;0;0;0;0;0;0;0;0;0;-1;-1;-1;-1;-1;63026;
22500;Ash of War: Phantom Slash;1;8351;0;30;-1;-1;-1;710600;225;0;300;0;352090;-1;-1;1;1;1;1;1;1;1;1;1;1;1;1;1;0;0;0;2;0;0;0;0;0;0;0;0;1;1;1;0;2;1;3;0;0;0;0;0;0;0;1;0;0;0;0;0;0;0;1;0;0;1;1;0;0;0;0;0;0;0;0;0;0;0;0;0;0;0;0;-1;-1;-1;-1;-1;63027;
22600;Ash of War: Spectral Lance;1;8352;0;120;-1;-1;-1;710600;226;0;300;0;361000;-1;-1;1;1;1;1;0;0;0;0;0;0;1;1;1;0;0;0;1;0;0;0;0;0;0;0;0;1;1;1;0;2;1;12;0;0;0;0;0;0;0;0;0;0;0;0;0;0;0;1;0;1;1;0;0;0;0;0;0;0;0;0;0;0;0;0;0;0;0;0;-1;-1;-1;-1;-1;63028;
22700;Ash of War: Chilling Mist;1;8353;0;90;-1;-1;-1;710600;227;0;300;0;360010;-1;-1;1;1;1;1;0;0;0;0;1;1;0;0;0;0;0;0;1;0;0;0;0;0;0;0;0;1;1;1;0;2;1;9;1;1;1;1;1;1;1;1;1;1;1;1;1;1;1;1;0;1;1;1;0;0;0;1;0;0;0;0;0;0;0;0;0;0;0;0;-1;-1;-1;-1;-1;63044;
22800;Ash of War: Poisonous Mist;1;8354;0;90;-1;-1;-1;710600;228;0;300;0;358000;-1;-1;1;1;1;1;0;0;0;0;0;0;1;1;1;0;0;0;1;0;0;0;0;0;0;0;0;1;1;1;0;2;1;10;1;1;1;1;1;1;1;1;1;1;1;1;1;1;1;1;0;1;1;1;0;0;0;1;0;0;0;0;0;0;0;0;0;0;0;0;-1;-1;-1;-1;-1;63044;
30000;Ash of War: Shield Bash;1;8360;0;140;-1;-1;-1;710600;300;0;300;0;363030;-1;-1;1;1;1;1;1;1;1;1;1;1;1;1;1;0;0;0;1;0;0;0;0;0;0;0;0;1;1;1;0;2;1;0;0;0;0;0;0;0;0;0;0;0;0;0;0;0;0;0;0;0;0;0;0;0;0;0;0;0;0;0;0;0;0;0;1;1;1;0;-1;-1;-1;-1;-1;63041;
30100;Ash of War: Barricade Shield;0;8361;0;140;-1;-1;-1;710600;301;0;300;0;363050;-1;-1;1;1;1;1;1;1;1;1;1;1;1;1;1;0;0;0;1;0;0;0;0;0;0;0;0;1;1;1;0;2;1;0;0;0;0;0;0;0;0;0;0;0;0;0;0;0;0;0;0;0;0;0;0;0;0;0;0;0;0;0;0;0;0;0;1;1;1;0;-1;-1;-1;-1;-1;63041;
30200;Ash of War: Parry;1;8362;0;140;-1;-1;-1;710600;302;0;300;0;363000;-1;-1;1;1;1;1;1;1;1;1;1;1;1;1;1;0;0;0;1;0;0;0;0;0;0;0;0;1;1;1;0;2;1;0;1;0;0;0;1;0;0;0;1;0;0;0;0;0;0;0;0;0;0;0;1;1;0;0;0;0;0;0;0;0;0;0;1;1;0;0;-1;-1;-1;-1;-1;63047;
30500;Ash of War: Carian Retaliation;1;8363;0;140;-1;-1;-1;710600;305;0;300;0;363070;-1;-1;1;1;1;1;0;0;0;0;1;1;0;0;0;0;0;0;1;0;0;0;0;0;0;0;0;1;1;1;0;2;1;8;0;0;0;0;0;0;0;0;0;0;0;0;0;0;0;0;0;0;0;0;0;0;0;0;0;0;0;0;0;0;0;0;1;1;0;0;-1;-1;-1;-1;-1;63030;
30600;Ash of War: Storm Wall;1;8364;0;140;-1;-1;-1;710600;306;0;300;0;363020;-1;-1;1;1;1;1;1;1;1;1;1;1;1;1;1;0;0;0;1;0;0;0;0;0;0;0;0;1;1;1;0;2;1;0;0;0;0;0;0;0;0;0;0;0;0;0;0;0;0;0;0;0;0;0;0;0;0;0;0;0;0;0;0;0;0;0;1;1;0;0;-1;-1;-1;-1;-1;63030;
30700;Ash of War: Golden Parry;1;8365;0;140;-1;-1;-1;710600;307;0;300;0;363010;-1;-1;1;1;1;1;0;0;1;1;0;0;0;0;0;0;0;0;2;0;0;0;0;0;0;0;0;1;1;1;0;2;1;7;0;0;0;0;0;0;0;0;0;0;0;0;0;0;0;0;0;0;0;0;0;0;0;0;0;0;0;0;0;0;0;0;1;1;0;0;-1;-1;-1;-1;-1;63030;
30800;Ash of War: Shield Crash;1;8366;0;140;-1;-1;-1;710600;308;0;300;0;363040;-1;-1;1;1;1;1;1;1;1;1;1;1;1;1;1;0;0;0;1;0;0;0;0;0;0;0;0;1;1;1;0;2;1;0;0;0;0;0;0;0;0;0;0;0;0;0;0;0;0;0;0;0;0;0;0;0;0;0;0;0;0;0;0;0;0;0;1;1;1;0;-1;-1;-1;-1;-1;63041;
30900;Ash of War: No Skill;1;8367;0;140;-1;-1;-1;710600;10;0;300;0;363080;-1;-1;1;1;1;1;1;1;1;1;1;1;1;1;1;0;0;0;1;0;0;0;0;0;0;0;0;1;1;1;0;2;1;0;0;0;0;0;0;0;0;0;0;0;0;0;0;0;0;0;0;0;0;0;0;0;0;0;0;0;0;0;0;0;0;0;1;1;1;1;-1;-1;-1;-1;-1;63031;
31000;Ash of War: Thops's Barrier;1;8368;0;140;-1;-1;-1;710600;309;0;300;0;363060;-1;-1;1;1;1;1;0;0;0;0;1;1;0;0;0;0;0;0;2;0;0;0;0;0;0;0;0;1;1;1;0;2;1;8;0;0;0;0;0;0;0;0;0;0;0;0;0;0;0;0;0;0;0;0;0;0;0;0;0;0;0;0;0;0;0;0;1;1;0;0;-1;-1;-1;-1;-1;63030;
40000;Ash of War: Through and Through;1;8380;0;130;-1;-1;-1;710600;400;0;300;0;362010;-1;-1;1;0;0;0;0;0;0;0;0;0;0;0;0;0;0;0;1;0;0;0;0;0;0;0;0;1;1;1;0;2;1;0;0;0;0;0;0;0;0;0;0;0;0;0;0;0;0;0;0;0;0;0;0;0;0;0;0;0;1;0;0;0;0;0;0;0;0;0;-1;-1;-1;-1;-1;63032;
40100;Ash of War: Barrage;1;8381;0;130;-1;-1;-1;710600;401;0;300;0;362020;-1;-1;1;0;0;0;0;0;0;0;0;0;0;0;0;0;0;0;1;0;0;0;0;0;0;0;0;1;1;1;0;2;1;0;0;0;0;0;0;0;0;0;0;0;0;0;0;0;0;0;0;0;0;0;0;0;0;0;1;0;0;0;0;0;0;0;0;0;0;0;-1;-1;-1;-1;-1;63048;
40200;Ash of War: Mighty Shot;1;8382;0;130;-1;-1;-1;710600;402;0;300;0;362000;-1;-1;1;0;0;0;0;0;0;0;0;0;0;0;0;0;0;0;1;0;0;0;0;0;0;0;0;1;1;1;0;2;1;0;0;0;0;0;0;0;0;0;0;0;0;0;0;0;0;0;0;0;0;0;0;0;0;0;1;1;0;0;0;0;0;0;0;0;0;0;-1;-1;-1;-1;-1;63033;
40400;Ash of War: Enchanted Shot;1;8383;0;130;-1;-1;-1;710600;404;0;300;0;362040;-1;-1;1;0;0;0;0;0;0;0;0;0;0;0;0;0;0;0;1;0;0;0;0;0;0;0;0;1;1;1;0;2;1;0;0;0;0;0;0;0;0;0;0;0;0;0;0;0;0;0;0;0;0;0;0;0;0;0;1;1;0;0;0;0;0;0;0;0;0;0;-1;-1;-1;-1;-1;63033;
40500;Ash of War: Sky Shot;1;8384;0;130;-1;-1;-1;710600;405;0;300;0;362030;-1;-1;1;0;0;0;0;0;0;0;0;0;0;0;0;0;0;0;1;0;0;0;0;0;0;0;0;1;1;1;0;2;1;0;0;0;0;0;0;0;0;0;0;0;0;0;0;0;0;0;0;0;0;0;0;0;0;0;1;1;0;0;0;0;0;0;0;0;0;0;-1;-1;-1;-1;-1;63033;
40600;Ash of War: Rain of Arrows;1;8385;0;130;-1;-1;-1;710600;406;0;300;0;362050;-1;-1;1;0;0;0;0;0;0;0;0;0;0;0;0;0;0;0;2;0;0;0;0;0;0;0;0;1;1;1;0;2;1;0;0;0;0;0;0;0;0;0;0;0;0;0;0;0;0;0;0;0;0;0;0;0;0;0;1;1;1;0;0;0;0;0;0;0;0;0;-1;-1;-1;-1;-1;63034;
50100;Ash of War: Hoarfrost Stomp;1;8400;0;90;-1;-1;-1;710600;501;0;300;0;360020;-1;-1;1;1;1;1;0;0;0;0;1;1;0;0;0;0;0;0;1;0;0;0;0;0;0;0;0;1;1;1;0;2;1;9;1;1;1;1;1;1;1;1;1;1;1;1;1;1;1;1;0;1;1;1;1;1;1;1;0;0;0;0;0;0;0;0;0;0;0;0;-1;-1;-1;-1;-1;63042;
50200;Ash of War: Storm Stomp;0;8401;0;30;-1;-1;-1;710600;502;0;300;0;352070;-1;-1;1;1;1;1;1;1;1;1;1;1;1;1;1;0;0;0;1;0;0;0;0;0;0;0;0;1;1;1;0;2;1;3;1;1;1;1;1;1;1;1;1;1;1;1;1;1;1;1;0;1;1;1;1;1;1;1;0;0;0;0;0;0;0;0;0;0;0;0;-1;-1;-1;-1;-1;63042;
50300;Ash of War: Kick;1;8402;0;10;-1;-1;-1;710600;503;0;300;0;350050;-1;-1;1;1;1;1;1;1;1;1;1;1;1;1;1;0;0;0;1;0;0;0;0;0;0;0;0;1;1;1;0;2;1;1;1;1;1;1;1;1;1;1;1;1;1;1;1;1;1;1;0;1;1;1;1;1;1;1;0;0;0;0;0;0;0;0;0;0;0;0;-1;-1;-1;-1;-1;63042;
50400;Ash of War: Lightning Ram;1;8403;0;50;-1;-1;-1;710600;504;0;300;0;356020;-1;-1;1;1;1;1;0;0;1;1;0;0;0;0;0;0;0;0;1;0;0;0;0;0;0;0;0;1;1;1;0;2;1;6;1;1;1;1;1;1;1;1;1;1;1;1;1;1;1;1;0;1;1;1;1;1;1;1;0;0;0;0;0;0;0;0;0;0;0;0;-1;-1;-1;-1;-1;63042;
50500;Ash of War: Flame of the Redmanes;1;8404;0;50;-1;-1;-1;710600;505;0;300;0;354010;-1;-1;1;1;1;1;1;1;0;0;0;0;0;0;0;0;0;0;1;0;0;0;0;0;0;0;0;1;1;1;0;2;1;4;1;1;1;1;1;1;1;1;1;1;1;1;1;1;1;1;0;1;1;1;1;1;1;1;0;0;0;0;0;0;0;0;0;0;0;0;-1;-1;-1;-1;-1;63042;
50600;Ash of War: Ground Slam;1;8405;0;10;-1;-1;-1;710600;506;0;300;0;350070;-1;-1;1;1;1;1;1;1;1;1;1;1;1;1;1;0;0;0;1;0;0;0;0;0;0;0;0;1;1;1;0;2;1;1;1;1;1;1;1;1;1;1;1;1;1;1;1;1;1;1;0;1;1;1;1;1;1;1;0;0;0;0;0;0;0;0;0;0;0;0;-1;-1;-1;-1;-1;63042;
50700;Ash of War: Golden Slam;1;8406;0;80;-1;-1;-1;710600;507;0;300;0;357060;-1;-1;1;1;1;1;0;0;1;1;0;0;0;0;0;0;0;0;2;0;0;0;0;0;0;0;0;1;1;1;0;2;1;7;1;1;1;1;1;1;1;1;1;1;1;1;1;1;1;1;0;1;1;1;1;1;1;1;0;0;0;0;0;0;0;0;0;0;0;0;-1;-1;-1;-1;-1;63042;
50800;Ash of War: Waves of Darkness;1;8407;0;40;-1;-1;-1;710600;508;0;300;0;353070;-1;-1;1;1;1;1;0;0;0;0;1;1;0;0;0;0;0;0;3;0;0;0;0;0;0;0;0;1;1;1;0;2;1;8;0;0;0;1;0;0;0;0;0;0;0;1;0;1;0;0;0;1;0;0;0;0;0;1;0;0;0;0;0;0;0;0;0;0;0;0;-1;-1;-1;-1;-1;63050;
50900;Ash of War: Hoarah Loux's Earthshaker;1;8408;0;10;-1;-1;-1;710600;509;0;300;0;350090;-1;-1;1;1;1;1;1;1;1;1;1;1;1;1;1;0;0;0;3;0;0;0;0;0;0;0;0;1;1;1;0;2;1;1;1;1;1;1;1;1;1;1;1;1;1;1;1;1;1;1;0;1;1;1;1;1;1;1;0;0;0;0;0;0;0;0;0;0;0;0;-1;-1;-1;-1;-1;63042;
60000;Ash of War: Determination;0;8420;0;30;-1;-1;-1;710600;600;0;300;0;352100;-1;-1;1;1;1;1;1;1;1;1;1;1;1;1;1;0;0;0;1;0;0;0;0;0;0;0;0;1;1;1;0;2;1;3;1;1;1;1;1;1;1;1;1;1;1;1;1;1;1;1;0;1;1;1;1;1;1;1;0;0;0;0;0;0;0;0;0;0;0;0;-1;-1;-1;-1;-1;63042;
60100;Ash of War: Royal Knight's Resolve;1;8421;0;30;-1;-1;-1;710600;601;0;300;0;352110;-1;-1;1;1;1;1;1;1;1;1;1;1;1;1;1;0;0;0;2;0;0;0;0;0;0;0;0;1;1;1;0;2;1;3;1;1;1;1;1;1;1;1;1;1;1;1;1;1;1;1;0;1;1;1;1;1;1;1;0;0;0;0;0;0;0;0;0;0;0;0;-1;-1;-1;-1;-1;63042;
60200;Ash of War: Assassin's Gambit;1;8422;0;120;-1;-1;-1;710600;602;0;300;0;361030;-1;-1;1;1;1;1;0;0;0;0;0;0;1;1;1;0;0;0;1;0;0;0;0;0;0;0;0;1;1;1;0;2;1;12;1;1;0;0;0;0;1;1;1;0;0;0;0;0;0;0;0;0;0;0;0;0;0;0;0;0;0;0;0;0;0;0;0;0;0;0;-1;-1;-1;-1;-1;63036;
60300;Ash of War: Golden Vow;1;8423;0;80;-1;-1;-1;710600;603;0;300;0;357070;-1;-1;1;1;1;1;0;0;1;1;0;0;0;0;0;0;0;0;2;0;0;0;0;0;0;0;0;1;1;1;0;2;1;7;1;1;1;1;1;1;1;1;1;1;1;1;1;1;1;1;0;1;1;1;1;1;1;1;0;0;0;0;0;0;0;0;0;0;0;0;-1;-1;-1;-1;-1;63042;
60400;Ash of War: Sacred Order;1;8424;0;80;-1;-1;-1;710600;604;0;300;0;357030;-1;-1;1;1;1;1;0;0;1;1;0;0;0;0;0;0;0;0;1;0;0;0;0;0;0;0;0;1;1;1;0;2;1;7;1;1;1;1;1;1;1;1;1;1;1;1;1;1;1;1;0;1;1;1;1;1;1;1;0;0;0;0;0;0;0;0;0;0;0;0;-1;-1;-1;-1;-1;63042;
60500;Ash of War: Shared Order;1;8425;0;80;-1;-1;-1;710600;605;0;300;0;357040;-1;-1;1;1;1;1;0;0;1;1;0;0;0;0;0;0;0;0;2;0;0;0;0;0;0;0;0;1;1;1;0;2;1;7;1;1;1;1;1;1;1;1;1;1;1;1;1;1;1;1;0;1;1;1;1;1;1;1;0;0;0;0;0;0;0;0;0;0;0;0;-1;-1;-1;-1;-1;63042;
60600;Ash of War: Seppuku;1;8426;0;90;-1;-1;-1;710600;606;0;300;0;359030;-1;-1;1;1;1;1;0;0;0;0;0;0;1;1;1;0;0;0;1;0;0;0;0;0;0;0;0;1;1;1;0;2;1;11;0;1;1;0;1;1;1;1;1;1;0;0;0;0;0;1;0;1;1;0;0;0;0;0;0;0;0;0;0;0;0;0;0;0;0;0;-1;-1;-1;-1;-1;63046;
60700;Ash of War: Cragblade;1;8427;0;10;-1;-1;-1;710600;607;0;300;0;350040;-1;-1;1;1;1;1;1;1;1;1;1;1;1;1;1;0;0;0;2;0;0;0;0;0;0;0;0;1;1;1;0;2;1;1;1;1;1;1;1;1;1;1;1;1;1;1;1;1;1;1;0;1;1;1;1;1;0;1;0;0;0;0;0;0;0;0;0;0;0;0;-1;-1;-1;-1;-1;63038;
65000;Ash of War: Barbaric Roar;1;8440;0;10;-1;-1;-1;710600;650;0;300;0;350110;-1;-1;1;1;1;1;1;1;1;1;1;1;1;1;1;0;0;0;1;0;0;0;0;0;0;0;0;1;1;1;0;2;1;1;0;1;1;1;1;1;1;1;0;0;1;1;1;1;1;1;0;1;1;1;1;1;0;1;0;0;0;0;0;0;0;0;0;0;0;0;-1;-1;-1;-1;-1;63040;
65100;Ash of War: War Cry;1;8441;0;10;-1;-1;-1;710600;651;0;300;0;350100;-1;-1;1;1;1;1;1;1;1;1;1;1;1;1;1;0;0;0;1;0;0;0;0;0;0;0;0;1;1;1;0;2;1;1;0;1;1;1;1;1;1;1;0;0;1;1;1;1;1;1;0;1;1;1;1;1;0;1;0;0;0;0;0;0;0;0;0;0;0;0;-1;-1;-1;-1;-1;63040;
65200;Ash of War: Beast's Roar;1;8442;0;20;-1;-1;-1;710600;652;0;300;0;351100;-1;-1;1;1;1;1;1;1;1;1;1;1;1;1;1;0;0;0;2;0;0;0;0;0;0;0;0;1;1;1;0;2;1;2;1;1;1;1;1;1;1;1;1;1;1;1;1;1;1;1;0;1;1;1;1;1;1;1;0;0;0;0;0;0;0;0;0;0;0;0;-1;-1;-1;-1;-1;63042;
65300;Ash of War: Troll's Roar;1;8443;0;10;-1;-1;-1;710600;653;0;300;0;350130;-1;-1;1;1;1;1;1;1;1;1;1;1;1;1;1;0;0;0;2;0;0;0;0;0;0;0;0;1;1;1;0;2;1;1;0;0;1;1;0;1;0;0;0;1;0;1;0;1;0;0;0;0;0;0;0;0;0;1;0;0;0;0;0;0;0;0;0;0;0;0;-1;-1;-1;-1;-1;63039;
65400;Ash of War: Braggart's Roar;1;8444;0;10;-1;-1;-1;710600;654;0;300;0;350120;-1;-1;1;1;1;1;1;1;1;1;1;1;1;1;1;0;0;0;1;0;0;0;0;0;0;0;0;1;1;1;0;2;1;1;0;1;1;1;1;1;1;1;0;0;1;1;1;1;1;1;0;1;1;1;1;1;0;1;0;0;0;0;0;0;0;0;0;0;0;0;-1;-1;-1;-1;-1;63040;
70000;Ash of War: Endure;1;8460;0;10;-1;-1;-1;710600;700;0;300;0;350060;-1;-1;1;1;1;1;1;1;1;1;1;1;1;1;1;0;0;0;1;0;0;0;0;0;0;0;0;1;1;1;0;2;1;1;1;1;1;1;1;1;1;1;1;1;1;1;1;1;1;1;0;1;1;1;1;1;1;1;0;0;0;0;0;0;0;0;0;0;0;0;-1;-1;-1;-1;-1;63042;
70100;Ash of War: Vow of the Indomitable;1;8461;0;80;-1;-1;-1;710600;701;0;300;0;357080;-1;-1;1;1;1;1;0;0;1;1;0;0;0;0;0;0;0;0;1;0;0;0;0;0;0;0;0;1;1;1;0;2;1;7;0;0;0;0;0;0;0;0;0;0;0;0;0;0;0;0;0;0;0;0;0;0;0;0;0;0;0;0;0;0;0;0;1;1;1;0;-1;-1;-1;-1;-1;63041;
70200;Ash of War: Holy Ground;0;8462;0;80;-1;-1;-1;710600;702;0;300;0;357090;-1;-1;1;1;1;1;0;0;1;1;0;0;0;0;0;0;0;0;2;0;0;0;0;0;0;0;0;1;1;1;0;2;1;7;0;0;0;0;0;0;0;0;0;0;0;0;0;0;0;0;0;0;0;0;0;0;0;0;0;0;0;0;0;0;0;0;1;1;1;0;-1;-1;-1;-1;-1;63041;
80000;Ash of War: Quickstep;1;8480;0;20;-1;-1;-1;710600;800;0;300;0;351070;-1;-1;1;1;1;1;1;1;1;1;1;1;1;1;1;0;0;0;1;0;0;0;0;0;0;0;0;1;1;1;0;2;1;2;1;1;1;1;1;1;1;1;1;1;1;1;1;1;1;1;0;1;1;1;1;1;1;1;0;0;0;0;0;0;0;0;0;0;0;0;-1;-1;-1;-1;-1;63042;
80100;Ash of War: Bloodhound's Step;1;8481;0;20;-1;-1;-1;710600;801;0;300;0;351080;-1;-1;1;1;1;1;1;1;1;1;1;1;1;1;1;0;0;0;2;0;0;0;0;0;0;0;0;1;1;1;0;2;1;2;1;1;1;1;1;1;1;1;1;1;1;1;1;1;1;1;0;1;1;1;1;1;1;1;0;0;0;0;0;0;0;0;0;0;0;0;-1;-1;-1;-1;-1;63042;
80200;Ash of War: Raptor of the Mists;1;8482;0;20;-1;-1;-1;710600;802;0;300;0;351090;-1;-1;1;1;1;1;1;1;1;1;1;1;1;1;1;0;0;0;2;0;0;0;0;0;0;0;0;1;1;1;0;2;1;2;1;1;1;1;1;1;1;1;1;1;1;1;1;1;1;1;0;1;1;1;1;1;1;1;0;0;0;0;0;0;0;0;0;0;0;0;-1;-1;-1;-1;-1;63042;
85000;Ash of War: White Shadow's Lure;1;8490;0;120;-1;-1;-1;710600;850;0;300;0;361020;-1;-1;1;1;1;1;0;0;0;0;0;0;1;1;1;0;0;0;2;0;0;0;0;0;0;0;0;1;1;1;0;2;1;12;1;1;1;1;1;1;1;1;1;1;1;1;1;1;1;1;0;1;1;1;1;1;1;1;0;0;0;0;0;0;0;0;0;0;0;0;-1;-1;-1;-1;-1;63042;
