Row ID;Row Name;materialId01;materialId02;materialId03;materialId04;materialId05;materialId06;itemNum01;itemNum02;itemNum03;itemNum04;itemNum05;itemNum06;materialCate01;materialCate02;materialCate03;materialCate04;materialCate05;materialCate06;isDisableDispNum01;isDisableDispNum02;isDisableDispNum03;isDisableDispNum04;isDisableDispNum05;isDisableDispNum06
0;None;1250;-1;-1;-1;-1;-1;1;-1;-1;-1;-1;-1;4;15;15;15;15;0;0;0;0;0;0;0;
1;Smithing Stone [1] * 2;10100;-1;-1;-1;-1;-1;2;-1;-1;-1;-1;-1;4;15;15;15;15;0;0;0;0;0;0;0;
2;Smithing Stone [1] * 4;10100;-1;-1;-1;-1;-1;4;-1;-1;-1;-1;-1;4;15;15;15;15;0;0;0;0;0;0;0;
3;Smithing Stone [1] * 6;10100;-1;-1;-1;-1;-1;6;-1;-1;-1;-1;-1;4;15;15;15;15;0;0;0;0;0;0;0;
4;Smithing Stone [2] * 2;10101;-1;-1;-1;-1;-1;2;-1;-1;-1;-1;-1;4;15;15;15;15;0;0;0;0;0;0;0;
5;Smithing Stone [2] * 4;10101;-1;-1;-1;-1;-1;4;-1;-1;-1;-1;-1;4;15;15;15;15;0;0;0;0;0;0;0;
6;Smithing Stone [2] * 6;10101;-1;-1;-1;-1;-1;6;-1;-1;-1;-1;-1;4;15;15;15;15;0;0;0;0;0;0;0;
7;Smithing Stone [3] * 2;10102;-1;-1;-1;-1;-1;2;-1;-1;-1;-1;-1;4;15;15;15;15;0;0;0;0;0;0;0;
8;Smithing Stone [3] * 4;10102;-1;-1;-1;-1;-1;4;-1;-1;-1;-1;-1;4;15;15;15;15;0;0;0;0;0;0;0;
9;Smithing Stone [3] * 6;10102;-1;-1;-1;-1;-1;6;-1;-1;-1;-1;-1;4;15;15;15;15;0;0;0;0;0;0;0;
10;Smithing Stone [4] * 2;10103;-1;-1;-1;-1;-1;2;-1;-1;-1;-1;-1;4;15;15;15;15;0;0;0;0;0;0;0;
11;Smithing Stone [4] * 4;10103;-1;-1;-1;-1;-1;4;-1;-1;-1;-1;-1;4;15;15;15;15;0;0;0;0;0;0;0;
12;Smithing Stone [4] * 6;10103;-1;-1;-1;-1;-1;6;-1;-1;-1;-1;-1;4;15;15;15;15;0;0;0;0;0;0;0;
13;Smithing Stone [5] * 2;10104;-1;-1;-1;-1;-1;2;-1;-1;-1;-1;-1;4;15;15;15;15;0;0;0;0;0;0;0;
14;Smithing Stone [5] * 4;10104;-1;-1;-1;-1;-1;4;-1;-1;-1;-1;-1;4;15;15;15;15;0;0;0;0;0;0;0;
15;Smithing Stone [5] * 6;10104;-1;-1;-1;-1;-1;6;-1;-1;-1;-1;-1;4;15;15;15;15;0;0;0;0;0;0;0;
16;Smithing Stone [6] * 2;10105;-1;-1;-1;-1;-1;2;-1;-1;-1;-1;-1;4;15;15;15;15;0;0;0;0;0;0;0;
17;Smithing Stone [6] * 4;10105;-1;-1;-1;-1;-1;4;-1;-1;-1;-1;-1;4;15;15;15;15;0;0;0;0;0;0;0;
18;Smithing Stone [6] * 6;10105;-1;-1;-1;-1;-1;6;-1;-1;-1;-1;-1;4;15;15;15;15;0;0;0;0;0;0;0;
19;Smithing Stone [7] * 2;10106;-1;-1;-1;-1;-1;2;-1;-1;-1;-1;-1;4;15;15;15;15;0;0;0;0;0;0;0;
20;Smithing Stone [7] * 4;10106;-1;-1;-1;-1;-1;4;-1;-1;-1;-1;-1;4;15;15;15;15;0;0;0;0;0;0;0;
21;Smithing Stone [7] * 6;10106;-1;-1;-1;-1;-1;6;-1;-1;-1;-1;-1;4;15;15;15;15;0;0;0;0;0;0;0;
22;Smithing Stone [8] * 2;10107;-1;-1;-1;-1;-1;2;-1;-1;-1;-1;-1;4;15;15;15;15;0;0;0;0;0;0;0;
23;Smithing Stone [8] * 4;10107;-1;-1;-1;-1;-1;4;-1;-1;-1;-1;-1;4;15;15;15;15;0;0;0;0;0;0;0;
24;Smithing Stone [8] * 6;10107;-1;-1;-1;-1;-1;6;-1;-1;-1;-1;-1;4;15;15;15;15;0;0;0;0;0;0;0;
25;Ancient Dragon Smithing Stone * 1;10140;-1;-1;-1;-1;-1;1;-1;-1;-1;-1;-1;4;15;15;15;15;0;0;0;0;0;0;0;
100;;1110;-1;-1;-1;-1;-1;1;-1;-1;-1;-1;-1;4;15;15;15;15;0;0;0;0;0;0;0;
101;;10100;-1;-1;-1;-1;-1;2;-1;-1;-1;-1;-1;4;15;15;15;15;0;0;0;0;0;0;0;
102;;10100;-1;-1;-1;-1;-1;4;-1;-1;-1;-1;-1;4;15;15;15;15;0;0;0;0;0;0;0;
103;;10100;-1;-1;-1;-1;-1;6;-1;-1;-1;-1;-1;4;15;15;15;15;0;0;0;0;0;0;0;
104;;10101;-1;-1;-1;-1;-1;2;-1;-1;-1;-1;-1;4;15;15;15;15;0;0;0;0;0;0;0;
105;;10101;-1;-1;-1;-1;-1;4;-1;-1;-1;-1;-1;4;15;15;15;15;0;0;0;0;0;0;0;
106;;10101;-1;-1;-1;-1;-1;6;-1;-1;-1;-1;-1;4;15;15;15;15;0;0;0;0;0;0;0;
107;;10102;-1;-1;-1;-1;-1;2;-1;-1;-1;-1;-1;4;15;15;15;15;0;0;0;0;0;0;0;
108;;10102;-1;-1;-1;-1;-1;4;-1;-1;-1;-1;-1;4;15;15;15;15;0;0;0;0;0;0;0;
109;;10102;-1;-1;-1;-1;-1;6;-1;-1;-1;-1;-1;4;15;15;15;15;0;0;0;0;0;0;0;
110;;10103;-1;-1;-1;-1;-1;2;-1;-1;-1;-1;-1;4;15;15;15;15;0;0;0;0;0;0;0;
111;;10103;-1;-1;-1;-1;-1;4;-1;-1;-1;-1;-1;4;15;15;15;15;0;0;0;0;0;0;0;
112;;10103;-1;-1;-1;-1;-1;6;-1;-1;-1;-1;-1;4;15;15;15;15;0;0;0;0;0;0;0;
113;;10104;-1;-1;-1;-1;-1;2;-1;-1;-1;-1;-1;4;15;15;15;15;0;0;0;0;0;0;0;
114;;10104;-1;-1;-1;-1;-1;4;-1;-1;-1;-1;-1;4;15;15;15;15;0;0;0;0;0;0;0;
115;;10104;-1;-1;-1;-1;-1;6;-1;-1;-1;-1;-1;4;15;15;15;15;0;0;0;0;0;0;0;
116;;10105;-1;-1;-1;-1;-1;2;-1;-1;-1;-1;-1;4;15;15;15;15;0;0;0;0;0;0;0;
117;;10105;-1;-1;-1;-1;-1;4;-1;-1;-1;-1;-1;4;15;15;15;15;0;0;0;0;0;0;0;
118;;10105;-1;-1;-1;-1;-1;6;-1;-1;-1;-1;-1;4;15;15;15;15;0;0;0;0;0;0;0;
119;;10106;-1;-1;-1;-1;-1;2;-1;-1;-1;-1;-1;4;15;15;15;15;0;0;0;0;0;0;0;
120;;10106;-1;-1;-1;-1;-1;4;-1;-1;-1;-1;-1;4;15;15;15;15;0;0;0;0;0;0;0;
121;;10106;-1;-1;-1;-1;-1;6;-1;-1;-1;-1;-1;4;15;15;15;15;0;0;0;0;0;0;0;
122;;10107;-1;-1;-1;-1;-1;2;-1;-1;-1;-1;-1;4;15;15;15;15;0;0;0;0;0;0;0;
123;;10107;-1;-1;-1;-1;-1;4;-1;-1;-1;-1;-1;4;15;15;15;15;0;0;0;0;0;0;0;
124;;10107;-1;-1;-1;-1;-1;6;-1;-1;-1;-1;-1;4;15;15;15;15;0;0;0;0;0;0;0;
125;;10140;-1;-1;-1;-1;-1;1;-1;-1;-1;-1;-1;4;15;15;15;15;0;0;0;0;0;0;0;
200;;1100;-1;-1;-1;-1;-1;1;-1;-1;-1;-1;-1;4;15;15;15;15;0;0;0;0;0;0;0;
201;;10100;-1;-1;-1;-1;-1;2;-1;-1;-1;-1;-1;4;15;15;15;15;0;0;0;0;0;0;0;
202;;10100;-1;-1;-1;-1;-1;4;-1;-1;-1;-1;-1;4;15;15;15;15;0;0;0;0;0;0;0;
203;;10100;-1;-1;-1;-1;-1;6;-1;-1;-1;-1;-1;4;15;15;15;15;0;0;0;0;0;0;0;
204;;10101;-1;-1;-1;-1;-1;2;-1;-1;-1;-1;-1;4;15;15;15;15;0;0;0;0;0;0;0;
205;;10101;-1;-1;-1;-1;-1;4;-1;-1;-1;-1;-1;4;15;15;15;15;0;0;0;0;0;0;0;
206;;10101;-1;-1;-1;-1;-1;6;-1;-1;-1;-1;-1;4;15;15;15;15;0;0;0;0;0;0;0;
207;;10102;-1;-1;-1;-1;-1;2;-1;-1;-1;-1;-1;4;15;15;15;15;0;0;0;0;0;0;0;
208;;10102;-1;-1;-1;-1;-1;4;-1;-1;-1;-1;-1;4;15;15;15;15;0;0;0;0;0;0;0;
209;;10102;-1;-1;-1;-1;-1;6;-1;-1;-1;-1;-1;4;15;15;15;15;0;0;0;0;0;0;0;
210;;10103;-1;-1;-1;-1;-1;2;-1;-1;-1;-1;-1;4;15;15;15;15;0;0;0;0;0;0;0;
211;;10103;-1;-1;-1;-1;-1;4;-1;-1;-1;-1;-1;4;15;15;15;15;0;0;0;0;0;0;0;
212;;10103;-1;-1;-1;-1;-1;6;-1;-1;-1;-1;-1;4;15;15;15;15;0;0;0;0;0;0;0;
213;;10104;-1;-1;-1;-1;-1;2;-1;-1;-1;-1;-1;4;15;15;15;15;0;0;0;0;0;0;0;
214;;10104;-1;-1;-1;-1;-1;4;-1;-1;-1;-1;-1;4;15;15;15;15;0;0;0;0;0;0;0;
215;;10104;-1;-1;-1;-1;-1;6;-1;-1;-1;-1;-1;4;15;15;15;15;0;0;0;0;0;0;0;
216;;10105;-1;-1;-1;-1;-1;2;-1;-1;-1;-1;-1;4;15;15;15;15;0;0;0;0;0;0;0;
217;;10105;-1;-1;-1;-1;-1;4;-1;-1;-1;-1;-1;4;15;15;15;15;0;0;0;0;0;0;0;
218;;10105;-1;-1;-1;-1;-1;6;-1;-1;-1;-1;-1;4;15;15;15;15;0;0;0;0;0;0;0;
219;;10106;-1;-1;-1;-1;-1;2;-1;-1;-1;-1;-1;4;15;15;15;15;0;0;0;0;0;0;0;
220;;10106;-1;-1;-1;-1;-1;4;-1;-1;-1;-1;-1;4;15;15;15;15;0;0;0;0;0;0;0;
221;;10106;-1;-1;-1;-1;-1;6;-1;-1;-1;-1;-1;4;15;15;15;15;0;0;0;0;0;0;0;
222;;10107;-1;-1;-1;-1;-1;2;-1;-1;-1;-1;-1;4;15;15;15;15;0;0;0;0;0;0;0;
223;;10107;-1;-1;-1;-1;-1;4;-1;-1;-1;-1;-1;4;15;15;15;15;0;0;0;0;0;0;0;
224;;10107;-1;-1;-1;-1;-1;6;-1;-1;-1;-1;-1;4;15;15;15;15;0;0;0;0;0;0;0;
225;;10140;-1;-1;-1;-1;-1;1;-1;-1;-1;-1;-1;4;15;15;15;15;0;0;0;0;0;0;0;
300;;1120;-1;-1;-1;-1;-1;1;-1;-1;-1;-1;-1;4;15;15;15;15;0;0;0;0;0;0;0;
301;;10100;-1;-1;-1;-1;-1;2;-1;-1;-1;-1;-1;4;15;15;15;15;0;0;0;0;0;0;0;
302;;10100;-1;-1;-1;-1;-1;4;-1;-1;-1;-1;-1;4;15;15;15;15;0;0;0;0;0;0;0;
303;;10100;-1;-1;-1;-1;-1;6;-1;-1;-1;-1;-1;4;15;15;15;15;0;0;0;0;0;0;0;
304;;10101;-1;-1;-1;-1;-1;2;-1;-1;-1;-1;-1;4;15;15;15;15;0;0;0;0;0;0;0;
305;;10101;-1;-1;-1;-1;-1;4;-1;-1;-1;-1;-1;4;15;15;15;15;0;0;0;0;0;0;0;
306;;10101;-1;-1;-1;-1;-1;6;-1;-1;-1;-1;-1;4;15;15;15;15;0;0;0;0;0;0;0;
307;;10102;-1;-1;-1;-1;-1;2;-1;-1;-1;-1;-1;4;15;15;15;15;0;0;0;0;0;0;0;
308;;10102;-1;-1;-1;-1;-1;4;-1;-1;-1;-1;-1;4;15;15;15;15;0;0;0;0;0;0;0;
309;;10102;-1;-1;-1;-1;-1;6;-1;-1;-1;-1;-1;4;15;15;15;15;0;0;0;0;0;0;0;
310;;10103;-1;-1;-1;-1;-1;2;-1;-1;-1;-1;-1;4;15;15;15;15;0;0;0;0;0;0;0;
311;;10103;-1;-1;-1;-1;-1;4;-1;-1;-1;-1;-1;4;15;15;15;15;0;0;0;0;0;0;0;
312;;10103;-1;-1;-1;-1;-1;6;-1;-1;-1;-1;-1;4;15;15;15;15;0;0;0;0;0;0;0;
313;;10104;-1;-1;-1;-1;-1;2;-1;-1;-1;-1;-1;4;15;15;15;15;0;0;0;0;0;0;0;
314;;10104;-1;-1;-1;-1;-1;4;-1;-1;-1;-1;-1;4;15;15;15;15;0;0;0;0;0;0;0;
315;;10104;-1;-1;-1;-1;-1;6;-1;-1;-1;-1;-1;4;15;15;15;15;0;0;0;0;0;0;0;
316;;10105;-1;-1;-1;-1;-1;2;-1;-1;-1;-1;-1;4;15;15;15;15;0;0;0;0;0;0;0;
317;;10105;-1;-1;-1;-1;-1;4;-1;-1;-1;-1;-1;4;15;15;15;15;0;0;0;0;0;0;0;
318;;10105;-1;-1;-1;-1;-1;6;-1;-1;-1;-1;-1;4;15;15;15;15;0;0;0;0;0;0;0;
319;;10106;-1;-1;-1;-1;-1;2;-1;-1;-1;-1;-1;4;15;15;15;15;0;0;0;0;0;0;0;
320;;10106;-1;-1;-1;-1;-1;4;-1;-1;-1;-1;-1;4;15;15;15;15;0;0;0;0;0;0;0;
321;;10106;-1;-1;-1;-1;-1;6;-1;-1;-1;-1;-1;4;15;15;15;15;0;0;0;0;0;0;0;
322;;10107;-1;-1;-1;-1;-1;2;-1;-1;-1;-1;-1;4;15;15;15;15;0;0;0;0;0;0;0;
323;;10107;-1;-1;-1;-1;-1;4;-1;-1;-1;-1;-1;4;15;15;15;15;0;0;0;0;0;0;0;
324;;10107;-1;-1;-1;-1;-1;6;-1;-1;-1;-1;-1;4;15;15;15;15;0;0;0;0;0;0;0;
325;;10140;-1;-1;-1;-1;-1;1;-1;-1;-1;-1;-1;4;15;15;15;15;0;0;0;0;0;0;0;
400;;1130;-1;-1;-1;-1;-1;1;-1;-1;-1;-1;-1;4;15;15;15;15;0;0;0;0;0;0;0;
401;;10100;-1;-1;-1;-1;-1;2;-1;-1;-1;-1;-1;4;15;15;15;15;0;0;0;0;0;0;0;
402;;10100;-1;-1;-1;-1;-1;4;-1;-1;-1;-1;-1;4;15;15;15;15;0;0;0;0;0;0;0;
403;;10100;-1;-1;-1;-1;-1;6;-1;-1;-1;-1;-1;4;15;15;15;15;0;0;0;0;0;0;0;
404;;10101;-1;-1;-1;-1;-1;2;-1;-1;-1;-1;-1;4;15;15;15;15;0;0;0;0;0;0;0;
405;;10101;-1;-1;-1;-1;-1;4;-1;-1;-1;-1;-1;4;15;15;15;15;0;0;0;0;0;0;0;
406;;10101;-1;-1;-1;-1;-1;6;-1;-1;-1;-1;-1;4;15;15;15;15;0;0;0;0;0;0;0;
407;;10102;-1;-1;-1;-1;-1;2;-1;-1;-1;-1;-1;4;15;15;15;15;0;0;0;0;0;0;0;
408;;10102;-1;-1;-1;-1;-1;4;-1;-1;-1;-1;-1;4;15;15;15;15;0;0;0;0;0;0;0;
409;;10102;-1;-1;-1;-1;-1;6;-1;-1;-1;-1;-1;4;15;15;15;15;0;0;0;0;0;0;0;
410;;10103;-1;-1;-1;-1;-1;2;-1;-1;-1;-1;-1;4;15;15;15;15;0;0;0;0;0;0;0;
411;;10103;-1;-1;-1;-1;-1;4;-1;-1;-1;-1;-1;4;15;15;15;15;0;0;0;0;0;0;0;
412;;10103;-1;-1;-1;-1;-1;6;-1;-1;-1;-1;-1;4;15;15;15;15;0;0;0;0;0;0;0;
413;;10104;-1;-1;-1;-1;-1;2;-1;-1;-1;-1;-1;4;15;15;15;15;0;0;0;0;0;0;0;
414;;10104;-1;-1;-1;-1;-1;4;-1;-1;-1;-1;-1;4;15;15;15;15;0;0;0;0;0;0;0;
415;;10104;-1;-1;-1;-1;-1;6;-1;-1;-1;-1;-1;4;15;15;15;15;0;0;0;0;0;0;0;
416;;10105;-1;-1;-1;-1;-1;2;-1;-1;-1;-1;-1;4;15;15;15;15;0;0;0;0;0;0;0;
417;;10105;-1;-1;-1;-1;-1;4;-1;-1;-1;-1;-1;4;15;15;15;15;0;0;0;0;0;0;0;
418;;10105;-1;-1;-1;-1;-1;6;-1;-1;-1;-1;-1;4;15;15;15;15;0;0;0;0;0;0;0;
419;;10106;-1;-1;-1;-1;-1;2;-1;-1;-1;-1;-1;4;15;15;15;15;0;0;0;0;0;0;0;
420;;10106;-1;-1;-1;-1;-1;4;-1;-1;-1;-1;-1;4;15;15;15;15;0;0;0;0;0;0;0;
421;;10106;-1;-1;-1;-1;-1;6;-1;-1;-1;-1;-1;4;15;15;15;15;0;0;0;0;0;0;0;
422;;10107;-1;-1;-1;-1;-1;2;-1;-1;-1;-1;-1;4;15;15;15;15;0;0;0;0;0;0;0;
423;;10107;-1;-1;-1;-1;-1;4;-1;-1;-1;-1;-1;4;15;15;15;15;0;0;0;0;0;0;0;
424;;10107;-1;-1;-1;-1;-1;6;-1;-1;-1;-1;-1;4;15;15;15;15;0;0;0;0;0;0;0;
425;;10140;-1;-1;-1;-1;-1;1;-1;-1;-1;-1;-1;4;15;15;15;15;0;0;0;0;0;0;0;
500;;1140;-1;-1;-1;-1;-1;1;-1;-1;-1;-1;-1;4;15;15;15;15;0;0;0;0;0;0;0;
501;;10100;-1;-1;-1;-1;-1;2;-1;-1;-1;-1;-1;4;15;15;15;15;0;0;0;0;0;0;0;
502;;10100;-1;-1;-1;-1;-1;4;-1;-1;-1;-1;-1;4;15;15;15;15;0;0;0;0;0;0;0;
503;;10100;-1;-1;-1;-1;-1;6;-1;-1;-1;-1;-1;4;15;15;15;15;0;0;0;0;0;0;0;
504;;10101;-1;-1;-1;-1;-1;2;-1;-1;-1;-1;-1;4;15;15;15;15;0;0;0;0;0;0;0;
505;;10101;-1;-1;-1;-1;-1;4;-1;-1;-1;-1;-1;4;15;15;15;15;0;0;0;0;0;0;0;
506;;10101;-1;-1;-1;-1;-1;6;-1;-1;-1;-1;-1;4;15;15;15;15;0;0;0;0;0;0;0;
507;;10102;-1;-1;-1;-1;-1;2;-1;-1;-1;-1;-1;4;15;15;15;15;0;0;0;0;0;0;0;
508;;10102;-1;-1;-1;-1;-1;4;-1;-1;-1;-1;-1;4;15;15;15;15;0;0;0;0;0;0;0;
509;;10102;-1;-1;-1;-1;-1;6;-1;-1;-1;-1;-1;4;15;15;15;15;0;0;0;0;0;0;0;
510;;10103;-1;-1;-1;-1;-1;2;-1;-1;-1;-1;-1;4;15;15;15;15;0;0;0;0;0;0;0;
511;;10103;-1;-1;-1;-1;-1;4;-1;-1;-1;-1;-1;4;15;15;15;15;0;0;0;0;0;0;0;
512;;10103;-1;-1;-1;-1;-1;6;-1;-1;-1;-1;-1;4;15;15;15;15;0;0;0;0;0;0;0;
513;;10104;-1;-1;-1;-1;-1;2;-1;-1;-1;-1;-1;4;15;15;15;15;0;0;0;0;0;0;0;
514;;10104;-1;-1;-1;-1;-1;4;-1;-1;-1;-1;-1;4;15;15;15;15;0;0;0;0;0;0;0;
515;;10104;-1;-1;-1;-1;-1;6;-1;-1;-1;-1;-1;4;15;15;15;15;0;0;0;0;0;0;0;
516;;10105;-1;-1;-1;-1;-1;2;-1;-1;-1;-1;-1;4;15;15;15;15;0;0;0;0;0;0;0;
517;;10105;-1;-1;-1;-1;-1;4;-1;-1;-1;-1;-1;4;15;15;15;15;0;0;0;0;0;0;0;
518;;10105;-1;-1;-1;-1;-1;6;-1;-1;-1;-1;-1;4;15;15;15;15;0;0;0;0;0;0;0;
519;;10106;-1;-1;-1;-1;-1;2;-1;-1;-1;-1;-1;4;15;15;15;15;0;0;0;0;0;0;0;
520;;10106;-1;-1;-1;-1;-1;4;-1;-1;-1;-1;-1;4;15;15;15;15;0;0;0;0;0;0;0;
521;;10106;-1;-1;-1;-1;-1;6;-1;-1;-1;-1;-1;4;15;15;15;15;0;0;0;0;0;0;0;
522;;10107;-1;-1;-1;-1;-1;2;-1;-1;-1;-1;-1;4;15;15;15;15;0;0;0;0;0;0;0;
523;;10107;-1;-1;-1;-1;-1;4;-1;-1;-1;-1;-1;4;15;15;15;15;0;0;0;0;0;0;0;
524;;10107;-1;-1;-1;-1;-1;6;-1;-1;-1;-1;-1;4;15;15;15;15;0;0;0;0;0;0;0;
525;;10140;-1;-1;-1;-1;-1;1;-1;-1;-1;-1;-1;4;15;15;15;15;0;0;0;0;0;0;0;
600;;1150;-1;-1;-1;-1;-1;1;-1;-1;-1;-1;-1;4;15;15;15;15;0;0;0;0;0;0;0;
601;;10100;-1;-1;-1;-1;-1;2;-1;-1;-1;-1;-1;4;15;15;15;15;0;0;0;0;0;0;0;
602;;10100;-1;-1;-1;-1;-1;4;-1;-1;-1;-1;-1;4;15;15;15;15;0;0;0;0;0;0;0;
603;;10100;-1;-1;-1;-1;-1;6;-1;-1;-1;-1;-1;4;15;15;15;15;0;0;0;0;0;0;0;
604;;10101;-1;-1;-1;-1;-1;2;-1;-1;-1;-1;-1;4;15;15;15;15;0;0;0;0;0;0;0;
605;;10101;-1;-1;-1;-1;-1;4;-1;-1;-1;-1;-1;4;15;15;15;15;0;0;0;0;0;0;0;
606;;10101;-1;-1;-1;-1;-1;6;-1;-1;-1;-1;-1;4;15;15;15;15;0;0;0;0;0;0;0;
607;;10102;-1;-1;-1;-1;-1;2;-1;-1;-1;-1;-1;4;15;15;15;15;0;0;0;0;0;0;0;
608;;10102;-1;-1;-1;-1;-1;4;-1;-1;-1;-1;-1;4;15;15;15;15;0;0;0;0;0;0;0;
609;;10102;-1;-1;-1;-1;-1;6;-1;-1;-1;-1;-1;4;15;15;15;15;0;0;0;0;0;0;0;
610;;10103;-1;-1;-1;-1;-1;2;-1;-1;-1;-1;-1;4;15;15;15;15;0;0;0;0;0;0;0;
611;;10103;-1;-1;-1;-1;-1;4;-1;-1;-1;-1;-1;4;15;15;15;15;0;0;0;0;0;0;0;
612;;10103;-1;-1;-1;-1;-1;6;-1;-1;-1;-1;-1;4;15;15;15;15;0;0;0;0;0;0;0;
613;;10104;-1;-1;-1;-1;-1;2;-1;-1;-1;-1;-1;4;15;15;15;15;0;0;0;0;0;0;0;
614;;10104;-1;-1;-1;-1;-1;4;-1;-1;-1;-1;-1;4;15;15;15;15;0;0;0;0;0;0;0;
615;;10104;-1;-1;-1;-1;-1;6;-1;-1;-1;-1;-1;4;15;15;15;15;0;0;0;0;0;0;0;
616;;10105;-1;-1;-1;-1;-1;2;-1;-1;-1;-1;-1;4;15;15;15;15;0;0;0;0;0;0;0;
617;;10105;-1;-1;-1;-1;-1;4;-1;-1;-1;-1;-1;4;15;15;15;15;0;0;0;0;0;0;0;
618;;10105;-1;-1;-1;-1;-1;6;-1;-1;-1;-1;-1;4;15;15;15;15;0;0;0;0;0;0;0;
619;;10106;-1;-1;-1;-1;-1;2;-1;-1;-1;-1;-1;4;15;15;15;15;0;0;0;0;0;0;0;
620;;10106;-1;-1;-1;-1;-1;4;-1;-1;-1;-1;-1;4;15;15;15;15;0;0;0;0;0;0;0;
621;;10106;-1;-1;-1;-1;-1;6;-1;-1;-1;-1;-1;4;15;15;15;15;0;0;0;0;0;0;0;
622;;10107;-1;-1;-1;-1;-1;2;-1;-1;-1;-1;-1;4;15;15;15;15;0;0;0;0;0;0;0;
623;;10107;-1;-1;-1;-1;-1;4;-1;-1;-1;-1;-1;4;15;15;15;15;0;0;0;0;0;0;0;
624;;10107;-1;-1;-1;-1;-1;6;-1;-1;-1;-1;-1;4;15;15;15;15;0;0;0;0;0;0;0;
625;;10140;-1;-1;-1;-1;-1;1;-1;-1;-1;-1;-1;4;15;15;15;15;0;0;0;0;0;0;0;
700;;1160;-1;-1;-1;-1;-1;1;-1;-1;-1;-1;-1;4;15;15;15;15;0;0;0;0;0;0;0;
701;;10100;-1;-1;-1;-1;-1;2;-1;-1;-1;-1;-1;4;15;15;15;15;0;0;0;0;0;0;0;
702;;10100;-1;-1;-1;-1;-1;4;-1;-1;-1;-1;-1;4;15;15;15;15;0;0;0;0;0;0;0;
703;;10100;-1;-1;-1;-1;-1;6;-1;-1;-1;-1;-1;4;15;15;15;15;0;0;0;0;0;0;0;
704;;10101;-1;-1;-1;-1;-1;2;-1;-1;-1;-1;-1;4;15;15;15;15;0;0;0;0;0;0;0;
705;;10101;-1;-1;-1;-1;-1;4;-1;-1;-1;-1;-1;4;15;15;15;15;0;0;0;0;0;0;0;
706;;10101;-1;-1;-1;-1;-1;6;-1;-1;-1;-1;-1;4;15;15;15;15;0;0;0;0;0;0;0;
707;;10102;-1;-1;-1;-1;-1;2;-1;-1;-1;-1;-1;4;15;15;15;15;0;0;0;0;0;0;0;
708;;10102;-1;-1;-1;-1;-1;4;-1;-1;-1;-1;-1;4;15;15;15;15;0;0;0;0;0;0;0;
709;;10102;-1;-1;-1;-1;-1;6;-1;-1;-1;-1;-1;4;15;15;15;15;0;0;0;0;0;0;0;
710;;10103;-1;-1;-1;-1;-1;2;-1;-1;-1;-1;-1;4;15;15;15;15;0;0;0;0;0;0;0;
711;;10103;-1;-1;-1;-1;-1;4;-1;-1;-1;-1;-1;4;15;15;15;15;0;0;0;0;0;0;0;
712;;10103;-1;-1;-1;-1;-1;6;-1;-1;-1;-1;-1;4;15;15;15;15;0;0;0;0;0;0;0;
713;;10104;-1;-1;-1;-1;-1;2;-1;-1;-1;-1;-1;4;15;15;15;15;0;0;0;0;0;0;0;
714;;10104;-1;-1;-1;-1;-1;4;-1;-1;-1;-1;-1;4;15;15;15;15;0;0;0;0;0;0;0;
715;;10104;-1;-1;-1;-1;-1;6;-1;-1;-1;-1;-1;4;15;15;15;15;0;0;0;0;0;0;0;
716;;10105;-1;-1;-1;-1;-1;2;-1;-1;-1;-1;-1;4;15;15;15;15;0;0;0;0;0;0;0;
717;;10105;-1;-1;-1;-1;-1;4;-1;-1;-1;-1;-1;4;15;15;15;15;0;0;0;0;0;0;0;
718;;10105;-1;-1;-1;-1;-1;6;-1;-1;-1;-1;-1;4;15;15;15;15;0;0;0;0;0;0;0;
719;;10106;-1;-1;-1;-1;-1;2;-1;-1;-1;-1;-1;4;15;15;15;15;0;0;0;0;0;0;0;
720;;10106;-1;-1;-1;-1;-1;4;-1;-1;-1;-1;-1;4;15;15;15;15;0;0;0;0;0;0;0;
721;;10106;-1;-1;-1;-1;-1;6;-1;-1;-1;-1;-1;4;15;15;15;15;0;0;0;0;0;0;0;
722;;10107;-1;-1;-1;-1;-1;2;-1;-1;-1;-1;-1;4;15;15;15;15;0;0;0;0;0;0;0;
723;;10107;-1;-1;-1;-1;-1;4;-1;-1;-1;-1;-1;4;15;15;15;15;0;0;0;0;0;0;0;
724;;10107;-1;-1;-1;-1;-1;6;-1;-1;-1;-1;-1;4;15;15;15;15;0;0;0;0;0;0;0;
725;;10140;-1;-1;-1;-1;-1;1;-1;-1;-1;-1;-1;4;15;15;15;15;0;0;0;0;0;0;0;
800;;1170;-1;-1;-1;-1;-1;1;-1;-1;-1;-1;-1;4;15;15;15;15;0;0;0;0;0;0;0;
801;;10100;-1;-1;-1;-1;-1;2;-1;-1;-1;-1;-1;4;15;15;15;15;0;0;0;0;0;0;0;
802;;10100;-1;-1;-1;-1;-1;4;-1;-1;-1;-1;-1;4;15;15;15;15;0;0;0;0;0;0;0;
803;;10100;-1;-1;-1;-1;-1;6;-1;-1;-1;-1;-1;4;15;15;15;15;0;0;0;0;0;0;0;
804;;10101;-1;-1;-1;-1;-1;2;-1;-1;-1;-1;-1;4;15;15;15;15;0;0;0;0;0;0;0;
805;;10101;-1;-1;-1;-1;-1;4;-1;-1;-1;-1;-1;4;15;15;15;15;0;0;0;0;0;0;0;
806;;10101;-1;-1;-1;-1;-1;6;-1;-1;-1;-1;-1;4;15;15;15;15;0;0;0;0;0;0;0;
807;;10102;-1;-1;-1;-1;-1;2;-1;-1;-1;-1;-1;4;15;15;15;15;0;0;0;0;0;0;0;
808;;10102;-1;-1;-1;-1;-1;4;-1;-1;-1;-1;-1;4;15;15;15;15;0;0;0;0;0;0;0;
809;;10102;-1;-1;-1;-1;-1;6;-1;-1;-1;-1;-1;4;15;15;15;15;0;0;0;0;0;0;0;
810;;10103;-1;-1;-1;-1;-1;2;-1;-1;-1;-1;-1;4;15;15;15;15;0;0;0;0;0;0;0;
811;;10103;-1;-1;-1;-1;-1;4;-1;-1;-1;-1;-1;4;15;15;15;15;0;0;0;0;0;0;0;
812;;10103;-1;-1;-1;-1;-1;6;-1;-1;-1;-1;-1;4;15;15;15;15;0;0;0;0;0;0;0;
813;;10104;-1;-1;-1;-1;-1;2;-1;-1;-1;-1;-1;4;15;15;15;15;0;0;0;0;0;0;0;
814;;10104;-1;-1;-1;-1;-1;4;-1;-1;-1;-1;-1;4;15;15;15;15;0;0;0;0;0;0;0;
815;;10104;-1;-1;-1;-1;-1;6;-1;-1;-1;-1;-1;4;15;15;15;15;0;0;0;0;0;0;0;
816;;10105;-1;-1;-1;-1;-1;2;-1;-1;-1;-1;-1;4;15;15;15;15;0;0;0;0;0;0;0;
817;;10105;-1;-1;-1;-1;-1;4;-1;-1;-1;-1;-1;4;15;15;15;15;0;0;0;0;0;0;0;
818;;10105;-1;-1;-1;-1;-1;6;-1;-1;-1;-1;-1;4;15;15;15;15;0;0;0;0;0;0;0;
819;;10106;-1;-1;-1;-1;-1;2;-1;-1;-1;-1;-1;4;15;15;15;15;0;0;0;0;0;0;0;
820;;10106;-1;-1;-1;-1;-1;4;-1;-1;-1;-1;-1;4;15;15;15;15;0;0;0;0;0;0;0;
821;;10106;-1;-1;-1;-1;-1;6;-1;-1;-1;-1;-1;4;15;15;15;15;0;0;0;0;0;0;0;
822;;10107;-1;-1;-1;-1;-1;2;-1;-1;-1;-1;-1;4;15;15;15;15;0;0;0;0;0;0;0;
823;;10107;-1;-1;-1;-1;-1;4;-1;-1;-1;-1;-1;4;15;15;15;15;0;0;0;0;0;0;0;
824;;10107;-1;-1;-1;-1;-1;6;-1;-1;-1;-1;-1;4;15;15;15;15;0;0;0;0;0;0;0;
825;;10140;-1;-1;-1;-1;-1;1;-1;-1;-1;-1;-1;4;15;15;15;15;0;0;0;0;0;0;0;
900;;1180;-1;-1;-1;-1;-1;1;-1;-1;-1;-1;-1;4;15;15;15;15;0;0;0;0;0;0;0;
901;;10100;-1;-1;-1;-1;-1;2;-1;-1;-1;-1;-1;4;15;15;15;15;0;0;0;0;0;0;0;
902;;10100;-1;-1;-1;-1;-1;4;-1;-1;-1;-1;-1;4;15;15;15;15;0;0;0;0;0;0;0;
903;;10100;-1;-1;-1;-1;-1;6;-1;-1;-1;-1;-1;4;15;15;15;15;0;0;0;0;0;0;0;
904;;10101;-1;-1;-1;-1;-1;2;-1;-1;-1;-1;-1;4;15;15;15;15;0;0;0;0;0;0;0;
905;;10101;-1;-1;-1;-1;-1;4;-1;-1;-1;-1;-1;4;15;15;15;15;0;0;0;0;0;0;0;
906;;10101;-1;-1;-1;-1;-1;6;-1;-1;-1;-1;-1;4;15;15;15;15;0;0;0;0;0;0;0;
907;;10102;-1;-1;-1;-1;-1;2;-1;-1;-1;-1;-1;4;15;15;15;15;0;0;0;0;0;0;0;
908;;10102;-1;-1;-1;-1;-1;4;-1;-1;-1;-1;-1;4;15;15;15;15;0;0;0;0;0;0;0;
909;;10102;-1;-1;-1;-1;-1;6;-1;-1;-1;-1;-1;4;15;15;15;15;0;0;0;0;0;0;0;
910;;10103;-1;-1;-1;-1;-1;2;-1;-1;-1;-1;-1;4;15;15;15;15;0;0;0;0;0;0;0;
911;;10103;-1;-1;-1;-1;-1;4;-1;-1;-1;-1;-1;4;15;15;15;15;0;0;0;0;0;0;0;
912;;10103;-1;-1;-1;-1;-1;6;-1;-1;-1;-1;-1;4;15;15;15;15;0;0;0;0;0;0;0;
913;;10104;-1;-1;-1;-1;-1;2;-1;-1;-1;-1;-1;4;15;15;15;15;0;0;0;0;0;0;0;
914;;10104;-1;-1;-1;-1;-1;4;-1;-1;-1;-1;-1;4;15;15;15;15;0;0;0;0;0;0;0;
915;;10104;-1;-1;-1;-1;-1;6;-1;-1;-1;-1;-1;4;15;15;15;15;0;0;0;0;0;0;0;
916;;10105;-1;-1;-1;-1;-1;2;-1;-1;-1;-1;-1;4;15;15;15;15;0;0;0;0;0;0;0;
917;;10105;-1;-1;-1;-1;-1;4;-1;-1;-1;-1;-1;4;15;15;15;15;0;0;0;0;0;0;0;
918;;10105;-1;-1;-1;-1;-1;6;-1;-1;-1;-1;-1;4;15;15;15;15;0;0;0;0;0;0;0;
919;;10106;-1;-1;-1;-1;-1;2;-1;-1;-1;-1;-1;4;15;15;15;15;0;0;0;0;0;0;0;
920;;10106;-1;-1;-1;-1;-1;4;-1;-1;-1;-1;-1;4;15;15;15;15;0;0;0;0;0;0;0;
921;;10106;-1;-1;-1;-1;-1;6;-1;-1;-1;-1;-1;4;15;15;15;15;0;0;0;0;0;0;0;
922;;10107;-1;-1;-1;-1;-1;2;-1;-1;-1;-1;-1;4;15;15;15;15;0;0;0;0;0;0;0;
923;;10107;-1;-1;-1;-1;-1;4;-1;-1;-1;-1;-1;4;15;15;15;15;0;0;0;0;0;0;0;
924;;10107;-1;-1;-1;-1;-1;6;-1;-1;-1;-1;-1;4;15;15;15;15;0;0;0;0;0;0;0;
925;;10140;-1;-1;-1;-1;-1;1;-1;-1;-1;-1;-1;4;15;15;15;15;0;0;0;0;0;0;0;
1000;;1190;-1;-1;-1;-1;-1;1;-1;-1;-1;-1;-1;4;15;15;15;15;0;0;0;0;0;0;0;
1001;;10100;-1;-1;-1;-1;-1;2;-1;-1;-1;-1;-1;4;15;15;15;15;0;0;0;0;0;0;0;
1002;;10100;-1;-1;-1;-1;-1;4;-1;-1;-1;-1;-1;4;15;15;15;15;0;0;0;0;0;0;0;
1003;;10100;-1;-1;-1;-1;-1;6;-1;-1;-1;-1;-1;4;15;15;15;15;0;0;0;0;0;0;0;
1004;;10101;-1;-1;-1;-1;-1;2;-1;-1;-1;-1;-1;4;15;15;15;15;0;0;0;0;0;0;0;
1005;;10101;-1;-1;-1;-1;-1;4;-1;-1;-1;-1;-1;4;15;15;15;15;0;0;0;0;0;0;0;
1006;;10101;-1;-1;-1;-1;-1;6;-1;-1;-1;-1;-1;4;15;15;15;15;0;0;0;0;0;0;0;
1007;;10102;-1;-1;-1;-1;-1;2;-1;-1;-1;-1;-1;4;15;15;15;15;0;0;0;0;0;0;0;
1008;;10102;-1;-1;-1;-1;-1;4;-1;-1;-1;-1;-1;4;15;15;15;15;0;0;0;0;0;0;0;
1009;;10102;-1;-1;-1;-1;-1;6;-1;-1;-1;-1;-1;4;15;15;15;15;0;0;0;0;0;0;0;
1010;;10103;-1;-1;-1;-1;-1;2;-1;-1;-1;-1;-1;4;15;15;15;15;0;0;0;0;0;0;0;
1011;;10103;-1;-1;-1;-1;-1;4;-1;-1;-1;-1;-1;4;15;15;15;15;0;0;0;0;0;0;0;
1012;;10103;-1;-1;-1;-1;-1;6;-1;-1;-1;-1;-1;4;15;15;15;15;0;0;0;0;0;0;0;
1013;;10104;-1;-1;-1;-1;-1;2;-1;-1;-1;-1;-1;4;15;15;15;15;0;0;0;0;0;0;0;
1014;;10104;-1;-1;-1;-1;-1;4;-1;-1;-1;-1;-1;4;15;15;15;15;0;0;0;0;0;0;0;
1015;;10104;-1;-1;-1;-1;-1;6;-1;-1;-1;-1;-1;4;15;15;15;15;0;0;0;0;0;0;0;
1016;;10105;-1;-1;-1;-1;-1;2;-1;-1;-1;-1;-1;4;15;15;15;15;0;0;0;0;0;0;0;
1017;;10105;-1;-1;-1;-1;-1;4;-1;-1;-1;-1;-1;4;15;15;15;15;0;0;0;0;0;0;0;
1018;;10105;-1;-1;-1;-1;-1;6;-1;-1;-1;-1;-1;4;15;15;15;15;0;0;0;0;0;0;0;
1019;;10106;-1;-1;-1;-1;-1;2;-1;-1;-1;-1;-1;4;15;15;15;15;0;0;0;0;0;0;0;
1020;;10106;-1;-1;-1;-1;-1;4;-1;-1;-1;-1;-1;4;15;15;15;15;0;0;0;0;0;0;0;
1021;;10106;-1;-1;-1;-1;-1;6;-1;-1;-1;-1;-1;4;15;15;15;15;0;0;0;0;0;0;0;
1022;;10107;-1;-1;-1;-1;-1;2;-1;-1;-1;-1;-1;4;15;15;15;15;0;0;0;0;0;0;0;
1023;;10107;-1;-1;-1;-1;-1;4;-1;-1;-1;-1;-1;4;15;15;15;15;0;0;0;0;0;0;0;
1024;;10107;-1;-1;-1;-1;-1;6;-1;-1;-1;-1;-1;4;15;15;15;15;0;0;0;0;0;0;0;
1025;;10140;-1;-1;-1;-1;-1;1;-1;-1;-1;-1;-1;4;15;15;15;15;0;0;0;0;0;0;0;
1100;;1200;-1;-1;-1;-1;-1;1;-1;-1;-1;-1;-1;4;15;15;15;15;0;0;0;0;0;0;0;
1101;;10100;-1;-1;-1;-1;-1;2;-1;-1;-1;-1;-1;4;15;15;15;15;0;0;0;0;0;0;0;
1102;;10100;-1;-1;-1;-1;-1;4;-1;-1;-1;-1;-1;4;15;15;15;15;0;0;0;0;0;0;0;
1103;;10100;-1;-1;-1;-1;-1;6;-1;-1;-1;-1;-1;4;15;15;15;15;0;0;0;0;0;0;0;
1104;;10101;-1;-1;-1;-1;-1;2;-1;-1;-1;-1;-1;4;15;15;15;15;0;0;0;0;0;0;0;
1105;;10101;-1;-1;-1;-1;-1;4;-1;-1;-1;-1;-1;4;15;15;15;15;0;0;0;0;0;0;0;
1106;;10101;-1;-1;-1;-1;-1;6;-1;-1;-1;-1;-1;4;15;15;15;15;0;0;0;0;0;0;0;
1107;;10102;-1;-1;-1;-1;-1;2;-1;-1;-1;-1;-1;4;15;15;15;15;0;0;0;0;0;0;0;
1108;;10102;-1;-1;-1;-1;-1;4;-1;-1;-1;-1;-1;4;15;15;15;15;0;0;0;0;0;0;0;
1109;;10102;-1;-1;-1;-1;-1;6;-1;-1;-1;-1;-1;4;15;15;15;15;0;0;0;0;0;0;0;
1110;;10140;-1;-1;-1;-1;-1;1;-1;-1;-1;-1;-1;4;15;15;15;15;0;0;0;0;0;0;0;
1200;;1210;-1;-1;-1;-1;-1;1;-1;-1;-1;-1;-1;4;15;15;15;15;0;0;0;0;0;0;0;
1201;;10100;-1;-1;-1;-1;-1;2;-1;-1;-1;-1;-1;4;15;15;15;15;0;0;0;0;0;0;0;
1202;;10100;-1;-1;-1;-1;-1;4;-1;-1;-1;-1;-1;4;15;15;15;15;0;0;0;0;0;0;0;
1203;;10100;-1;-1;-1;-1;-1;6;-1;-1;-1;-1;-1;4;15;15;15;15;0;0;0;0;0;0;0;
1204;;10101;-1;-1;-1;-1;-1;2;-1;-1;-1;-1;-1;4;15;15;15;15;0;0;0;0;0;0;0;
1205;;10101;-1;-1;-1;-1;-1;4;-1;-1;-1;-1;-1;4;15;15;15;15;0;0;0;0;0;0;0;
1206;;10101;-1;-1;-1;-1;-1;6;-1;-1;-1;-1;-1;4;15;15;15;15;0;0;0;0;0;0;0;
1207;;10102;-1;-1;-1;-1;-1;2;-1;-1;-1;-1;-1;4;15;15;15;15;0;0;0;0;0;0;0;
1208;;10102;-1;-1;-1;-1;-1;4;-1;-1;-1;-1;-1;4;15;15;15;15;0;0;0;0;0;0;0;
1209;;10102;-1;-1;-1;-1;-1;6;-1;-1;-1;-1;-1;4;15;15;15;15;0;0;0;0;0;0;0;
1210;;10140;-1;-1;-1;-1;-1;1;-1;-1;-1;-1;-1;4;15;15;15;15;0;0;0;0;0;0;0;
1300;;1220;-1;-1;-1;-1;-1;1;-1;-1;-1;-1;-1;4;15;15;15;15;0;0;0;0;0;0;0;
1301;;10100;-1;-1;-1;-1;-1;2;-1;-1;-1;-1;-1;4;15;15;15;15;0;0;0;0;0;0;0;
1302;;10100;-1;-1;-1;-1;-1;4;-1;-1;-1;-1;-1;4;15;15;15;15;0;0;0;0;0;0;0;
1303;;10100;-1;-1;-1;-1;-1;6;-1;-1;-1;-1;-1;4;15;15;15;15;0;0;0;0;0;0;0;
1304;;10101;-1;-1;-1;-1;-1;2;-1;-1;-1;-1;-1;4;15;15;15;15;0;0;0;0;0;0;0;
1305;;10101;-1;-1;-1;-1;-1;4;-1;-1;-1;-1;-1;4;15;15;15;15;0;0;0;0;0;0;0;
1306;;10101;-1;-1;-1;-1;-1;6;-1;-1;-1;-1;-1;4;15;15;15;15;0;0;0;0;0;0;0;
1307;;10102;-1;-1;-1;-1;-1;2;-1;-1;-1;-1;-1;4;15;15;15;15;0;0;0;0;0;0;0;
1308;;10102;-1;-1;-1;-1;-1;4;-1;-1;-1;-1;-1;4;15;15;15;15;0;0;0;0;0;0;0;
1309;;10102;-1;-1;-1;-1;-1;6;-1;-1;-1;-1;-1;4;15;15;15;15;0;0;0;0;0;0;0;
1310;;10140;-1;-1;-1;-1;-1;1;-1;-1;-1;-1;-1;4;15;15;15;15;0;0;0;0;0;0;0;
1400;;1230;-1;-1;-1;-1;-1;1;-1;-1;-1;-1;-1;4;15;15;15;15;0;0;0;0;0;0;0;
1401;;10100;-1;-1;-1;-1;-1;2;-1;-1;-1;-1;-1;4;15;15;15;15;0;0;0;0;0;0;0;
1402;;10100;-1;-1;-1;-1;-1;4;-1;-1;-1;-1;-1;4;15;15;15;15;0;0;0;0;0;0;0;
1403;;10100;-1;-1;-1;-1;-1;6;-1;-1;-1;-1;-1;4;15;15;15;15;0;0;0;0;0;0;0;
1404;;10101;-1;-1;-1;-1;-1;2;-1;-1;-1;-1;-1;4;15;15;15;15;0;0;0;0;0;0;0;
1405;;10101;-1;-1;-1;-1;-1;4;-1;-1;-1;-1;-1;4;15;15;15;15;0;0;0;0;0;0;0;
1406;;10101;-1;-1;-1;-1;-1;6;-1;-1;-1;-1;-1;4;15;15;15;15;0;0;0;0;0;0;0;
1407;;10102;-1;-1;-1;-1;-1;2;-1;-1;-1;-1;-1;4;15;15;15;15;0;0;0;0;0;0;0;
1408;;10102;-1;-1;-1;-1;-1;4;-1;-1;-1;-1;-1;4;15;15;15;15;0;0;0;0;0;0;0;
1409;;10102;-1;-1;-1;-1;-1;6;-1;-1;-1;-1;-1;4;15;15;15;15;0;0;0;0;0;0;0;
1410;;10140;-1;-1;-1;-1;-1;1;-1;-1;-1;-1;-1;4;15;15;15;15;0;0;0;0;0;0;0;
1500;;1240;-1;-1;-1;-1;-1;1;-1;-1;-1;-1;-1;4;15;15;15;15;0;0;0;0;0;0;0;
1501;;10100;-1;-1;-1;-1;-1;2;-1;-1;-1;-1;-1;4;15;15;15;15;0;0;0;0;0;0;0;
1502;;10100;-1;-1;-1;-1;-1;4;-1;-1;-1;-1;-1;4;15;15;15;15;0;0;0;0;0;0;0;
1503;;10100;-1;-1;-1;-1;-1;6;-1;-1;-1;-1;-1;4;15;15;15;15;0;0;0;0;0;0;0;
1504;;10101;-1;-1;-1;-1;-1;2;-1;-1;-1;-1;-1;4;15;15;15;15;0;0;0;0;0;0;0;
1505;;10101;-1;-1;-1;-1;-1;4;-1;-1;-1;-1;-1;4;15;15;15;15;0;0;0;0;0;0;0;
1506;;10101;-1;-1;-1;-1;-1;6;-1;-1;-1;-1;-1;4;15;15;15;15;0;0;0;0;0;0;0;
1507;;10102;-1;-1;-1;-1;-1;2;-1;-1;-1;-1;-1;4;15;15;15;15;0;0;0;0;0;0;0;
1508;;10102;-1;-1;-1;-1;-1;4;-1;-1;-1;-1;-1;4;15;15;15;15;0;0;0;0;0;0;0;
1509;;10102;-1;-1;-1;-1;-1;6;-1;-1;-1;-1;-1;4;15;15;15;15;0;0;0;0;0;0;0;
1510;;10140;-1;-1;-1;-1;-1;1;-1;-1;-1;-1;-1;4;15;15;15;15;0;0;0;0;0;0;0;
2000;;-1;-1;-1;-1;-1;-1;-1;-1;-1;-1;-1;-1;15;15;15;15;15;0;0;0;0;0;0;0;
2001;;10150;-1;-1;-1;-1;-1;1;-1;-1;-1;-1;-1;4;15;15;15;15;0;0;0;0;0;0;0;
2002;;10150;-1;-1;-1;-1;-1;2;-1;-1;-1;-1;-1;4;15;15;15;15;0;0;0;0;0;0;0;
2003;;10150;-1;-1;-1;-1;-1;4;-1;-1;-1;-1;-1;4;15;15;15;15;0;0;0;0;0;0;0;
2004;;10150;-1;-1;-1;-1;-1;8;-1;-1;-1;-1;-1;4;15;15;15;15;0;0;0;0;0;0;0;
2005;;10140;-1;-1;-1;-1;-1;1;-1;-1;-1;-1;-1;4;15;15;15;15;0;0;0;0;0;0;0;
2006;;1020;-1;-1;-1;-1;-1;5;-1;-1;-1;-1;-1;4;15;15;15;15;4;0;0;0;0;0;0;
2100;;-1;-1;-1;-1;-1;-1;-1;-1;-1;-1;-1;-1;15;15;15;15;15;0;0;0;0;0;0;0;
2101;;1010;-1;-1;-1;-1;-1;1;-1;-1;-1;-1;-1;4;15;15;15;15;0;0;0;0;0;0;0;
2102;;1010;-1;-1;-1;-1;-1;2;-1;-1;-1;-1;-1;4;15;15;15;15;0;0;0;0;0;0;0;
2103;;1010;-1;-1;-1;-1;-1;4;-1;-1;-1;-1;-1;4;15;15;15;15;0;0;0;0;0;0;0;
2104;;1010;-1;-1;-1;-1;-1;8;-1;-1;-1;-1;-1;4;15;15;15;15;0;0;0;0;0;0;0;
2105;;10140;-1;-1;-1;-1;-1;1;-1;-1;-1;-1;-1;4;15;15;15;15;0;0;0;0;0;0;0;
2200;None;-1;-1;-1;-1;-1;-1;-1;-1;-1;-1;-1;-1;15;15;15;15;15;0;0;0;0;0;0;0;
2201;Somber Smithing Stone [1] * 1;10160;-1;-1;-1;-1;-1;1;-1;-1;-1;-1;-1;4;15;15;15;15;0;0;0;0;0;0;0;
2202;Somber Smithing Stone [2] * 1;10161;-1;-1;-1;-1;-1;1;-1;-1;-1;-1;-1;4;15;15;15;15;0;0;0;0;0;0;0;
2203;Somber Smithing Stone [3] * 1;10162;-1;-1;-1;-1;-1;1;-1;-1;-1;-1;-1;4;15;15;15;15;0;0;0;0;0;0;0;
2204;Somber Smithing Stone [4] * 1;10163;-1;-1;-1;-1;-1;1;-1;-1;-1;-1;-1;4;15;15;15;15;0;0;0;0;0;0;0;
2205;Somber Smithing Stone [5] * 1;10164;-1;-1;-1;-1;-1;1;-1;-1;-1;-1;-1;4;15;15;15;15;0;0;0;0;0;0;0;
2206;Somber Smithing Stone [6] * 1;10165;-1;-1;-1;-1;-1;1;-1;-1;-1;-1;-1;4;15;15;15;15;0;0;0;0;0;0;0;
2207;Somber Smithing Stone [7] * 1;10166;-1;-1;-1;-1;-1;1;-1;-1;-1;-1;-1;4;15;15;15;15;0;0;0;0;0;0;0;
2208;Somber Smithing Stone [8] * 1;10167;-1;-1;-1;-1;-1;1;-1;-1;-1;-1;-1;4;15;15;15;15;0;0;0;0;0;0;0;
2209;Somber Smithing Stone [9] * 1;10200;-1;-1;-1;-1;-1;1;-1;-1;-1;-1;-1;4;15;15;15;15;0;0;0;0;0;0;0;
2210;Somber Ancient Dragon Smithing Stone * 1;10168;-1;-1;-1;-1;-1;1;-1;-1;-1;-1;-1;4;15;15;15;15;0;0;0;0;0;0;0;
10000;Grave Glovewort [1] * 1;10900;-1;-1;-1;-1;-1;1;-1;-1;-1;-1;-1;4;15;15;15;15;0;0;0;0;0;0;0;
10001;Grave Glovewort [2] * 1;10901;-1;-1;-1;-1;-1;1;-1;-1;-1;-1;-1;4;15;15;15;15;0;0;0;0;0;0;0;
10002;Grave Glovewort [3] * 1;10902;-1;-1;-1;-1;-1;1;-1;-1;-1;-1;-1;4;15;15;15;15;0;0;0;0;0;0;0;
10003;Grave Glovewort [4] * 1;10903;-1;-1;-1;-1;-1;1;-1;-1;-1;-1;-1;4;15;15;15;15;0;0;0;0;0;0;0;
10004;Grave Glovewort [5] * 1;10904;-1;-1;-1;-1;-1;1;-1;-1;-1;-1;-1;4;15;15;15;15;0;0;0;0;0;0;0;
10005;Grave Glovewort [6] * 1;10905;-1;-1;-1;-1;-1;1;-1;-1;-1;-1;-1;4;15;15;15;15;0;0;0;0;0;0;0;
10006;Grave Glovewort [7] * 1;10906;-1;-1;-1;-1;-1;1;-1;-1;-1;-1;-1;4;15;15;15;15;0;0;0;0;0;0;0;
10007;Grave Glovewort [8] * 1;10907;-1;-1;-1;-1;-1;1;-1;-1;-1;-1;-1;4;15;15;15;15;0;0;0;0;0;0;0;
10008;Grave Glovewort [9] * 1;10908;-1;-1;-1;-1;-1;1;-1;-1;-1;-1;-1;4;15;15;15;15;0;0;0;0;0;0;0;
10009;Great Grave Glovewort * 1;10909;-1;-1;-1;-1;-1;1;-1;-1;-1;-1;-1;4;15;15;15;15;0;0;0;0;0;0;0;
10010;;-1;-1;-1;-1;-1;-1;1;-1;-1;-1;-1;-1;4;15;15;15;15;0;0;0;0;0;0;0;
10100;Ghost Glovewort [1] * 1;10910;-1;-1;-1;-1;-1;1;-1;-1;-1;-1;-1;4;15;15;15;15;0;0;0;0;0;0;0;
10101;Ghost Glovewort [2] * 1;10911;-1;-1;-1;-1;-1;1;-1;-1;-1;-1;-1;4;15;15;15;15;0;0;0;0;0;0;0;
10102;Ghost Glovewort [3] * 1;10912;-1;-1;-1;-1;-1;1;-1;-1;-1;-1;-1;4;15;15;15;15;0;0;0;0;0;0;0;
10103;Ghost Glovewort [4] * 1;10913;-1;-1;-1;-1;-1;1;-1;-1;-1;-1;-1;4;15;15;15;15;0;0;0;0;0;0;0;
10104;Ghost Glovewort [5] * 1;10914;-1;-1;-1;-1;-1;1;-1;-1;-1;-1;-1;4;15;15;15;15;0;0;0;0;0;0;0;
10105;Ghost Glovewort [6] * 1;10915;-1;-1;-1;-1;-1;1;-1;-1;-1;-1;-1;4;15;15;15;15;0;0;0;0;0;0;0;
10106;Ghost Glovewort [7] * 1;10916;-1;-1;-1;-1;-1;1;-1;-1;-1;-1;-1;4;15;15;15;15;0;0;0;0;0;0;0;
10107;Ghost Glovewort [8] * 1;10917;-1;-1;-1;-1;-1;1;-1;-1;-1;-1;-1;4;15;15;15;15;0;0;0;0;0;0;0;
10108;Ghost Glovewort [9] * 1;10918;-1;-1;-1;-1;-1;1;-1;-1;-1;-1;-1;4;15;15;15;15;0;0;0;0;0;0;0;
10109;Great Ghost Glovewort * 1;10919;-1;-1;-1;-1;-1;1;-1;-1;-1;-1;-1;4;15;15;15;15;0;0;0;0;0;0;0;
10110;;-1;-1;-1;-1;-1;-1;1;-1;-1;-1;-1;-1;4;15;15;15;15;0;0;0;0;0;0;0;
100000;;712;-1;-1;-1;-1;-1;1;-1;-1;-1;-1;-1;4;15;15;15;15;0;0;0;0;0;0;0;
100001;;713;-1;-1;-1;-1;-1;1;-1;-1;-1;-1;-1;4;15;15;15;15;0;0;0;0;0;0;0;
100002;;714;-1;-1;-1;-1;-1;1;-1;-1;-1;-1;-1;4;15;15;15;15;0;0;0;0;0;0;0;
100003;;715;-1;-1;-1;-1;-1;1;-1;-1;-1;-1;-1;4;15;15;15;15;0;0;0;0;0;0;0;
100004;;717;-1;-1;-1;-1;-1;1;-1;-1;-1;-1;-1;4;15;15;15;15;0;0;0;0;0;0;0;
100005;;718;-1;-1;-1;-1;-1;1;-1;-1;-1;-1;-1;4;15;15;15;15;0;0;0;0;0;0;0;
100006;;719;-1;-1;-1;-1;-1;1;-1;-1;-1;-1;-1;4;15;15;15;15;0;0;0;0;0;0;0;
100007;;720;-1;-1;-1;-1;-1;1;-1;-1;-1;-1;-1;4;15;15;15;15;0;0;0;0;0;0;0;
100008;;721;-1;-1;-1;-1;-1;1;-1;-1;-1;-1;-1;4;15;15;15;15;0;0;0;0;0;0;0;
100009;;722;-1;-1;-1;-1;-1;1;-1;-1;-1;-1;-1;4;15;15;15;15;0;0;0;0;0;0;0;
100010;;723;-1;-1;-1;-1;-1;1;-1;-1;-1;-1;-1;4;15;15;15;15;0;0;0;0;0;0;0;
100011;;724;-1;-1;-1;-1;-1;1;-1;-1;-1;-1;-1;4;15;15;15;15;0;0;0;0;0;0;0;
100012;;725;-1;-1;-1;-1;-1;1;-1;-1;-1;-1;-1;4;15;15;15;15;0;0;0;0;0;0;0;
100013;;726;-1;-1;-1;-1;-1;1;-1;-1;-1;-1;-1;4;15;15;15;15;0;0;0;0;0;0;0;
100014;;727;-1;-1;-1;-1;-1;1;-1;-1;-1;-1;-1;4;15;15;15;15;0;0;0;0;0;0;0;
100015;;729;-1;-1;-1;-1;-1;1;-1;-1;-1;-1;-1;4;15;15;15;15;0;0;0;0;0;0;0;
100016;;731;-1;-1;-1;-1;-1;1;-1;-1;-1;-1;-1;4;15;15;15;15;0;0;0;0;0;0;0;
100017;;732;-1;-1;-1;-1;-1;1;-1;-1;-1;-1;-1;4;15;15;15;15;0;0;0;0;0;0;0;
100018;;733;-1;-1;-1;-1;-1;1;-1;-1;-1;-1;-1;4;15;15;15;15;0;0;0;0;0;0;0;
100019;;739;-1;-1;-1;-1;-1;1;-1;-1;-1;-1;-1;4;15;15;15;15;0;0;0;0;0;0;0;
100020;;742;-1;-1;-1;-1;-1;1;-1;-1;-1;-1;-1;4;15;15;15;15;0;0;0;0;0;0;0;
100021;;728;-1;-1;-1;-1;-1;1;-1;-1;-1;-1;-1;4;15;15;15;15;0;0;0;0;0;0;0;
100022;;743;-1;-1;-1;-1;-1;1;-1;-1;-1;-1;-1;4;15;15;15;15;0;0;0;0;0;0;0;
110352;;-1;-1;-1;-1;-1;-1;-1;-1;-1;-1;-1;-1;4;4;4;4;4;4;0;0;0;0;0;0;
110353;;12300;12109;12107;12105;12203;-1;30;5;5;10;1;-1;4;4;4;4;4;15;0;0;0;0;0;0;
110400;;12304;12101;12106;12235;12216;-1;15;5;5;1;1;-1;4;4;4;4;4;15;0;0;0;0;0;0;
110401;;12301;12110;12105;12102;12236;12204;2;10;10;10;1;1;4;4;4;4;4;4;0;0;0;0;0;0;
110402;;12302;12103;12239;12218;-1;-1;1;1;1;1;-1;-1;4;4;4;4;15;15;0;0;0;0;0;0;
110403;;12100;12101;12201;-1;-1;-1;2;10;1;-1;-1;-1;4;4;4;15;15;15;0;0;0;0;0;0;
110404;;12114;12120;12102;12206;12205;-1;3;3;10;1;1;-1;4;4;4;4;4;15;0;0;0;0;0;0;
110405;;12307;12112;12219;12220;-1;-1;1;3;1;1;-1;-1;4;4;4;4;15;15;0;0;0;0;0;0;
110406;;12304;12115;12108;12107;12221;-1;30;10;2;10;1;-1;4;4;4;4;4;15;0;0;0;0;0;0;
111008;;12301;12119;12111;12222;12214;-1;1;5;1;1;1;-1;4;4;4;4;4;15;0;0;0;0;0;0;
112000;;12601;12312;12315;-1;-1;-1;1;3;1;-1;-1;-1;4;4;4;15;15;15;0;0;0;0;0;0;
112001;;12602;12319;12258;12253;12302;-1;1;1;1;1;2;-1;4;4;4;4;4;15;0;0;0;0;0;0;
113000;;12700;12300;-1;-1;-1;-1;1;10;-1;-1;-1;-1;4;4;15;15;15;0;0;0;0;0;0;0;
113001;;12700;12313;12306;-1;-1;-1;1;10;1;-1;-1;-1;4;4;4;15;15;0;0;0;0;0;0;0;
113002;;12700;12314;12306;12307;-1;-1;1;10;1;2;-1;-1;4;4;4;4;15;0;0;0;0;0;0;0;
113003;;12303;-1;-1;-1;-1;-1;1;-1;-1;-1;-1;-1;4;15;15;15;15;0;0;0;0;0;0;0;
300000;Erdleaf Flower * 2;20680;-1;-1;-1;-1;-1;2;-1;-1;-1;-1;-1;4;4;4;4;4;4;0;0;0;0;0;0;
301000;Mushroom * 1, Smoldering Butterfly * 1;20760;20802;-1;-1;-1;-1;1;1;-1;-1;-1;-1;4;4;4;4;4;4;0;0;0;0;0;0;
301010;Mushroom * 2, Smoldering Butterfly * 1, Old Fang * 1;20760;20802;15040;-1;-1;-1;2;1;1;-1;-1;-1;4;4;4;4;4;4;0;0;0;0;0;0;
301020;Fire Blossom * 2;20682;-1;-1;-1;-1;-1;2;-1;-1;-1;-1;-1;4;4;4;4;4;4;0;0;0;0;0;0;
301030;Mushroom * 1, Fulgurbloom * 1;20760;20652;-1;-1;-1;-1;1;1;-1;-1;-1;-1;4;4;4;4;4;4;0;0;0;0;0;0;
301040;Mushroom * 2, Fulgurbloom * 1, Gravel Stone * 1;20760;20652;-1;-1;20855;-1;2;1;-1;-1;1;-1;4;4;4;4;4;4;0;0;0;0;0;0;
301050;Mushroom * 1, Gold-Tinged Excrement * 1;20760;20830;-1;-1;-1;-1;1;1;-1;-1;-1;-1;4;4;4;4;4;4;0;0;0;0;0;0;
301060;Mushroom * 1, Blood-Tainted Excrement * 1;20760;20831;-1;-1;-1;-1;1;1;-1;-1;-1;-1;4;4;4;4;4;4;0;0;0;0;0;0;
301070;Mushroom * 1, Tarnished Golden Sunflower * 1;20760;20685;-1;-1;-1;-1;1;1;-1;-1;-1;-1;4;4;4;4;4;4;0;0;0;0;0;0;
301080;Mushroom * 2, Golden Sunflower * 1, Golden Centipede * 1;20760;20683;-1;-1;20820;-1;2;1;-1;-1;1;-1;4;4;4;4;4;4;0;0;0;0;0;0;
301090;Rimed Crystal Bud * 2;20751;-1;-1;-1;-1;-1;2;-1;-1;-1;-1;-1;4;4;4;4;4;4;0;0;0;0;0;0;
301100;Toxic Mushroom * 1, Poisonbloom * 1;20770;20650;-1;-1;-1;-1;1;1;-1;-1;-1;-1;4;4;4;4;4;4;0;0;0;0;0;0;
301110;Melted Mushroom * 1;20761;-1;-1;-1;-1;-1;1;-1;-1;-1;-1;-1;4;4;4;4;4;4;0;0;0;0;0;0;
301120;Albinauric Bloodclot * 1, Human Bone Shard * 5;15420;15100;-1;-1;-1;-1;1;5;-1;-1;-1;-1;4;4;4;4;4;4;0;0;0;0;0;0;
301130;Beast Blood * 1, Hefty Beast Bone * 2;-1;15030;15341;-1;-1;-1;-1;1;2;-1;-1;-1;4;4;4;4;4;4;0;0;0;0;0;0;
301140;Mushroom * 1, Smoldering Butterfly * 1, String * 1;20760;20802;15400;-1;-1;-1;1;1;1;-1;-1;-1;4;4;4;4;4;4;0;0;0;0;0;0;
301150;Mushroom * 1, Fulgurbloom * 1, String * 1;20760;20652;15400;-1;-1;-1;1;1;1;-1;-1;-1;4;4;4;4;4;4;0;0;0;0;0;0;
301160;Mushroom * 1, Gold-Tinged Excrement * 1, String * 1;20760;20830;15400;-1;-1;-1;1;1;1;-1;-1;-1;4;4;4;4;4;4;0;0;0;0;0;0;
301170;Toxic Mushroom * 1, Poisonbloom * 1, String * 1;20770;20650;15400;-1;-1;-1;1;1;1;-1;-1;-1;4;4;4;4;4;4;0;0;0;0;0;0;
301180;Melted Mushroom * 1, String * 1;20761;-1;15400;-1;-1;-1;1;-1;1;-1;-1;-1;4;4;4;4;4;4;0;0;0;0;0;0;
301190;Glintstone Firefly * 2, String * 1;20812;-1;15400;-1;-1;-1;2;-1;1;-1;-1;-1;4;4;4;4;4;4;0;0;0;0;0;0;
301200;Mushroom * 1, Blood-Tainted Excrement * 1, String * 1;20760;20831;15400;-1;-1;-1;1;1;1;-1;-1;-1;4;4;4;4;4;4;0;0;0;0;0;0;
301220;Volcanic Stone * 2, String * 1;20850;-1;15400;-1;-1;-1;2;-1;1;-1;-1;-1;4;4;4;4;4;4;0;0;0;0;0;0;
301230;Mushroom * 1, Tarnished Golden Sunflower * 1, String * 1;20760;20685;15400;-1;-1;-1;1;1;1;-1;-1;-1;4;4;4;4;4;4;0;0;0;0;0;0;
301240;Volcanic Stone * 2;20850;-1;-1;-1;-1;-1;2;-1;-1;-1;-1;-1;4;4;4;4;4;4;0;0;0;0;0;0;
301250;Mushroom * 2, Albinauric Bloodclot * 1;20760;15420;-1;-1;-1;-1;2;1;-1;-1;-1;-1;4;4;4;4;4;4;0;0;0;0;0;0;
301260;Mushroom * 2, Beast Blood * 1, Bloodrose * 1;20760;15030;20723;-1;-1;-1;2;1;1;-1;-1;-1;4;4;4;4;4;4;0;0;0;0;0;0;
301270;Mushroom * 1, Trina's Lily * 1;20760;-1;-1;-1;20651;-1;1;-1;-1;-1;1;-1;4;4;4;4;4;4;0;0;0;0;0;0;
301280;Grave Violet * 2, Human Bone Shard * 1;-1;20654;15100;-1;-1;-1;-1;2;1;-1;-1;-1;4;4;4;4;4;4;0;0;0;0;0;0;
301290;Glintstone Firefly * 2;20812;-1;-1;-1;-1;-1;2;-1;-1;-1;-1;-1;4;4;4;4;4;4;0;0;0;0;0;0;
301300;Glintstone Firefly * 2, Old Fang * 1;20812;-1;15040;-1;-1;-1;2;-1;1;-1;-1;-1;4;4;4;4;4;4;0;0;0;0;0;0;
301310;Toxic Mushroom * 2, Faded Erdleaf Flower * 2, Aeonian Butterfly * 1;20770;20660;-1;-1;20801;-1;2;2;-1;-1;1;-1;4;4;4;4;4;4;0;0;0;0;0;0;
302000;Rowa Fruit * 1;20720;-1;-1;-1;-1;-1;1;-1;-1;-1;-1;-1;4;4;4;4;4;4;0;0;0;0;0;0;
302010;Golden Rowa * 1;20721;-1;-1;-1;-1;-1;1;-1;-1;-1;-1;-1;4;4;4;4;4;4;0;0;0;0;0;0;
302020;Rimed Rowa * 1;20722;-1;-1;-1;-1;-1;1;-1;-1;-1;-1;-1;4;4;4;4;4;4;0;0;0;0;0;0;
303000;Herba * 1, Cave Moss * 1, Great Dragonfly Head * 1;20690;20840;15110;-1;-1;-1;1;1;1;-1;-1;-1;4;4;4;4;4;4;0;0;0;0;0;0;
303010;Herba * 1, Cave Moss * 1, Land Octopus Ovary * 1;20690;20840;15140;-1;-1;-1;1;1;1;-1;-1;-1;4;4;4;4;4;4;0;0;0;0;0;0;
303020;Herba * 1, Cave Moss * 1, Crab Eggs * 1;20690;20840;15130;-1;-1;-1;1;1;1;-1;-1;-1;4;4;4;4;4;4;0;0;0;0;0;0;
303030;Herba * 1, Cave Moss * 1, Slumbering Egg * 1;20690;20840;15120;-1;-1;-1;1;1;1;-1;-1;-1;4;4;4;4;4;4;0;0;0;0;0;0;
303040;Dewkissed Herba * 2, Crystal Cave Moss * 1, Sacramental Bud * 1;20710;20842;-1;-1;20753;-1;2;1;-1;-1;1;-1;4;4;4;4;4;4;0;0;0;0;0;0;
303050;Dewkissed Herba * 2, Crystal Cave Moss * 1, Golden Centipede * 1;20710;20842;-1;-1;20820;-1;2;1;-1;-1;1;-1;4;4;4;4;4;4;0;0;0;0;0;0;
303060;Dewkissed Herba * 2, Crystal Cave Moss * 1, Eye of Yelough * 1;20710;20842;-1;-1;20740;-1;2;1;-1;-1;1;-1;4;4;4;4;4;4;0;0;0;0;0;0;
304000;Rowa Fruit * 3, Turtle Neck Meat * 1, Herba * 1;20720;15090;20690;-1;-1;-1;3;1;1;-1;-1;-1;4;4;4;4;4;4;0;0;0;0;0;0;
304010;Rowa Fruit * 3, Sliver of Meat * 1, Great Dragonfly Head * 1, Smoldering Butterfly * 1;20720;15000;15110;20802;-1;-1;3;1;1;1;-1;-1;4;4;4;4;4;4;0;0;0;0;0;0;
304020;Golden Rowa * 3, Sliver of Meat * 1, Crab Eggs * 1, Land Octopus Ovary * 1;20721;15000;15130;15140;-1;-1;3;1;1;1;-1;-1;4;4;4;4;4;4;0;0;0;0;0;0;
304030;Rimed Rowa * 5, Sliver of Meat * 1, Slumbering Egg * 1, Eye of Yelough * 1;20722;15000;15120;-1;20740;-1;5;1;1;-1;1;-1;4;4;4;4;4;4;0;0;0;0;0;0;
304040;Golden Rowa * 5, Sliver of Meat * 1, Budding Horn * 1, Nascent Butterfly * 1;20721;15000;15050;-1;20800;-1;5;1;1;-1;1;-1;4;4;4;4;4;4;0;0;0;0;0;0;
304050;Rowa Fruit * 3, Beast Liver * 1, Glintstone Firefly * 2;20720;15010;20812;-1;-1;-1;3;1;2;-1;-1;-1;4;4;4;4;4;4;0;0;0;0;0;0;
304060;Rowa Fruit * 3, Beast Liver * 1, Smoldering Butterfly * 1;20720;15010;20802;-1;-1;-1;3;1;1;-1;-1;-1;4;4;4;4;4;4;0;0;0;0;0;0;
304070;Rowa Fruit * 3, Beast Liver * 1, Fulgurbloom * 1;20720;15010;20652;-1;-1;-1;3;1;1;-1;-1;-1;4;4;4;4;4;4;0;0;0;0;0;0;
304080;Golden Rowa * 5, Beast Liver * 1, Golden Sunflower * 3;20721;15010;20683;-1;-1;-1;5;1;3;-1;-1;-1;4;4;4;4;4;4;0;0;0;0;0;0;
304090;Rowa Fruit * 3, Four-Toed Fowl Foot * 1, Silver Firefly * 1;20720;15080;20810;-1;-1;-1;3;1;1;-1;-1;-1;4;4;4;4;4;4;0;0;0;0;0;0;
304100;Rowa Fruit * 3, Four-Toed Fowl Foot * 1, Gold Firefly * 1;20720;15080;20811;-1;-1;-1;3;1;1;-1;-1;-1;4;4;4;4;4;4;0;0;0;0;0;0;
304110;Rowa Fruit * 5, Lump of Flesh * 1, Hefty Beast Bone * 1, Arteria Leaf * 1;20720;15020;15341;-1;20691;-1;5;1;1;-1;1;-1;4;4;4;4;4;4;0;0;0;0;0;0;
304130;Rowa Fruit * 3, Strip of White Flesh * 1, Great Dragonfly Head * 1, Smoldering Butterfly * 1;20720;15160;15110;20802;-1;-1;3;1;1;1;-1;-1;4;4;4;4;4;4;0;0;0;0;0;0;
304140;Golden Rowa * 3, Strip of White Flesh * 1, Crab Eggs * 1, Land Octopus Ovary * 1;20721;15160;15130;15140;-1;-1;3;1;1;1;-1;-1;4;4;4;4;4;4;0;0;0;0;0;0;
304150;Rimed Rowa * 5, Strip of White Flesh * 1, Slumbering Egg * 1, Eye of Yelough * 1;20722;15160;15120;-1;20740;-1;5;1;1;-1;1;-1;4;4;4;4;4;4;0;0;0;0;0;0;
304160;Golden Rowa * 5, Strip of White Flesh * 1, Budding Horn * 1, Nascent Butterfly * 1;20721;15160;15050;-1;20800;-1;5;1;1;-1;1;-1;4;4;4;4;4;4;0;0;0;0;0;0;
305000;Root Resin * 1, Smoldering Butterfly * 1;20775;20802;-1;-1;-1;-1;1;1;-1;-1;-1;-1;4;4;4;4;4;4;0;0;0;0;0;0;
305010;Root Resin * 1, Fulgurbloom * 1;20775;20652;-1;-1;-1;-1;1;1;-1;-1;-1;-1;4;4;4;4;4;4;0;0;0;0;0;0;
305020;Root Resin * 1, Crystal Bud * 1;20775;20750;-1;-1;-1;-1;1;1;-1;-1;-1;-1;4;4;4;4;4;4;0;0;0;0;0;0;
305030;Root Resin * 1, Golden Sunflower * 1;20775;20683;-1;-1;-1;-1;1;1;-1;-1;-1;-1;4;4;4;4;4;4;0;0;0;0;0;0;
305040;Root Resin * 1, Bloodrose * 1;20775;20723;-1;-1;-1;-1;1;1;-1;-1;-1;-1;4;4;4;4;4;4;0;0;0;0;0;0;
305050;Root Resin * 1, Trina's Lily * 1;20775;-1;-1;-1;20651;-1;1;-1;-1;-1;1;-1;4;4;4;4;4;4;0;0;0;0;0;0;
305060;Root Resin * 1, Poisonbloom * 1;20775;20650;-1;-1;-1;-1;1;1;-1;-1;-1;-1;4;4;4;4;4;4;0;0;0;0;0;0;
305070;Root Resin * 1, Rimed Crystal Bud * 1;20775;20751;-1;-1;-1;-1;1;1;-1;-1;-1;-1;4;4;4;4;4;4;0;0;0;0;0;0;
305080;Root Resin * 1, Beast Blood * 1, Gravel Stone * 1;20775;15030;-1;-1;20855;-1;1;1;-1;-1;1;-1;4;4;4;4;4;4;0;0;0;0;0;0;
305090;Root Resin * 1, Aeonian Butterfly * 1;20775;-1;-1;-1;20801;-1;1;-1;-1;-1;1;-1;4;4;4;4;4;4;0;0;0;0;0;0;
305100;Root Resin * 1, Smoldering Butterfly * 1, String * 1;20775;20802;15400;-1;-1;-1;1;1;1;-1;-1;-1;4;4;4;4;4;4;0;0;0;0;0;0;
305110;Root Resin * 1, Fulgurbloom * 1, String * 1;20775;20652;15400;-1;-1;-1;1;1;1;-1;-1;-1;4;4;4;4;4;4;0;0;0;0;0;0;
305120;Root Resin * 1, Crystal Bud * 1, String * 1;20775;20750;15400;-1;-1;-1;1;1;1;-1;-1;-1;4;4;4;4;4;4;0;0;0;0;0;0;
305130;Root Resin * 1, Golden Sunflower * 1, String * 1;20775;20683;15400;-1;-1;-1;1;1;1;-1;-1;-1;4;4;4;4;4;4;0;0;0;0;0;0;
305140;Root Resin * 1, Bloodrose * 1, String * 1;20775;20723;15400;-1;-1;-1;1;1;1;-1;-1;-1;4;4;4;4;4;4;0;0;0;0;0;0;
305150;Root Resin * 1, String * 1, Trina's Lily * 1;20775;-1;15400;-1;20651;-1;1;-1;1;-1;1;-1;4;4;4;4;4;4;0;0;0;0;0;0;
305160;Root Resin * 1, Poisonbloom * 1, String * 1;20775;20650;15400;-1;-1;-1;1;1;1;-1;-1;-1;4;4;4;4;4;4;0;0;0;0;0;0;
305180;Root Resin * 1, String * 1, Aeonian Butterfly * 1;20775;-1;15400;-1;20801;-1;1;-1;1;-1;1;-1;4;4;4;4;4;4;0;0;0;0;0;0;
305190;Root Resin * 1, Silver Tear Husk * 1, Crystal Bud * 1;20775;20825;20750;-1;-1;-1;1;1;1;-1;-1;-1;4;4;4;4;4;4;0;0;0;0;0;0;
306000;Thin Beast Bones * 2;15340;-1;-1;-1;-1;-1;2;-1;-1;-1;-1;-1;4;4;4;4;4;4;0;0;0;0;0;0;
306010;Thin Beast Bones * 2, Poisonbloom * 1;15340;20650;-1;-1;-1;-1;2;1;-1;-1;-1;-1;4;4;4;4;4;4;0;0;0;0;0;0;
306020;Cracked Crystal * 3;-1;20780;-1;-1;-1;-1;-1;3;-1;-1;-1;-1;4;4;4;4;4;4;0;0;0;0;0;0;
307000;Ruin Fragment * 1;1760;-1;-1;-1;-1;-1;1;-1;-1;-1;-1;-1;4;4;4;4;4;4;0;0;0;0;0;0;
307010;Ruin Fragment * 1, Dewkissed Herba * 1;1760;20710;-1;-1;-1;-1;1;1;-1;-1;-1;-1;4;4;4;4;4;4;0;0;0;0;0;0;
307020;Erdleaf Flower * 1, Human Bone Shard * 1;20680;15100;-1;-1;-1;-1;1;1;-1;-1;-1;-1;4;4;4;4;4;4;0;0;0;0;0;0;
307030;Rowa Fruit * 3, Smoldering Butterfly * 1;20720;20802;-1;-1;-1;-1;3;1;-1;-1;-1;-1;4;4;4;4;4;4;0;0;0;0;0;0;
307040;Melted Mushroom * 2;20761;-1;-1;-1;-1;-1;2;-1;-1;-1;-1;-1;4;4;4;4;4;4;0;0;0;0;0;0;
308000;Crystal Bud * 1, Cracked Crystal * 1;20750;20780;-1;-1;-1;-1;1;1;-1;-1;-1;-1;4;4;4;4;4;4;0;0;0;0;0;0;
308010;Erdleaf Flower * 1, Smoldering Butterfly * 1, Sanctuary Stone * 1;20680;20802;20795;-1;-1;-1;1;1;1;-1;-1;-1;4;4;4;4;4;4;0;0;0;0;0;0;
308020;Yellow Ember * 1, Sanctuary Stone * 1;20845;-1;20795;-1;-1;-1;1;-1;1;-1;-1;-1;4;4;4;4;4;4;0;0;0;0;0;0;
308030;Ruin Fragment * 1, Human Bone Shard * 1;1760;15100;-1;-1;-1;-1;1;1;-1;-1;-1;-1;4;4;4;4;4;4;0;0;0;0;0;0;
308040;Sacramental Bud * 1, Miquella's Lily * 1;-1;-1;-1;20753;20653;-1;-1;-1;-1;1;1;-1;4;4;4;4;4;4;0;0;0;0;0;0;
309000;Altus Bloom * 1, Budding Cave Moss * 1, Silver Tear Husk * 1, Arteria Leaf * 1;20681;20841;20825;-1;20691;-1;1;1;1;-1;1;-1;4;4;4;4;4;4;0;0;0;0;0;0;
309010;Altus Bloom * 1, Miranda Powder * 1;20681;15150;-1;-1;-1;-1;1;1;-1;-1;-1;-1;4;4;4;4;4;4;0;0;0;0;0;0;
309020;Altus Bloom * 2, Budding Cave Moss * 1, Living Jar Shard * 3;20681;20841;15410;-1;-1;-1;2;1;3;-1;-1;-1;4;4;4;4;4;4;0;0;0;0;0;0;
309030;Altus Bloom * 2, Budding Cave Moss * 1, Land Octopus Ovary * 1, Arteria Leaf * 1;20681;20841;15140;-1;20691;-1;2;1;1;-1;1;-1;4;4;4;4;4;4;0;0;0;0;0;0;
309040;Altus Bloom * 1, Miranda Powder * 1, Poisonbloom * 1;20681;15150;20650;-1;-1;-1;1;1;1;-1;-1;-1;4;4;4;4;4;4;0;0;0;0;0;0;
309050;Altus Bloom * 1, Miranda Powder * 1, Formic Rock * 4;20681;15150;-1;-1;20852;-1;1;1;-1;-1;4;-1;4;4;4;4;4;4;0;0;0;0;0;0;
320000;Thin Beast Bones * 3, Flight Pinion * 1;15340;-1;15060;-1;-1;-1;3;-1;1;-1;-1;-1;4;4;4;4;4;4;0;0;0;0;0;0;
320010;Thin Beast Bones * 3;15340;-1;-1;-1;-1;-1;3;-1;-1;-1;-1;-1;4;4;4;4;4;4;0;0;0;0;0;0;
320020;Thin Beast Bones * 3, Smoldering Butterfly * 1, Flight Pinion * 1;15340;20802;15060;-1;-1;-1;3;1;1;-1;-1;-1;4;4;4;4;4;4;0;0;0;0;0;0;
320030;Thin Beast Bones * 3, Smoldering Butterfly * 1;15340;20802;-1;-1;-1;-1;3;1;-1;-1;-1;-1;4;4;4;4;4;4;0;0;0;0;0;0;
320040;Thin Beast Bones * 3, Poisonbloom * 1, Flight Pinion * 1;15340;20650;15060;-1;-1;-1;3;1;1;-1;-1;-1;4;4;4;4;4;4;0;0;0;0;0;0;
320050;Thin Beast Bones * 3, Poisonbloom * 1;15340;20650;-1;-1;-1;-1;3;1;-1;-1;-1;-1;4;4;4;4;4;4;0;0;0;0;0;0;
320060;Thin Beast Bones * 3, Flight Pinion * 1, Trina's Lily * 1;15340;-1;15060;-1;20651;-1;3;-1;1;-1;1;-1;4;4;4;4;4;4;0;0;0;0;0;0;
320070;Thin Beast Bones * 3, Trina's Lily * 1;15340;-1;-1;-1;20651;-1;3;-1;-1;-1;1;-1;4;4;4;4;4;4;0;0;0;0;0;0;
320080;Thin Beast Bones * 3, Stormhawk Feather * 1;15340;15430;-1;-1;-1;-1;3;1;-1;-1;-1;-1;4;4;4;4;4;4;0;0;0;0;0;0;
320090;Thin Beast Bones * 3, Fulgurbloom * 1, Flight Pinion * 1;15340;20652;15060;-1;-1;-1;3;1;1;-1;-1;-1;4;4;4;4;4;4;0;0;0;0;0;0;
320100;Thin Beast Bones * 3, Fulgurbloom * 1;15340;20652;-1;-1;-1;-1;3;1;-1;-1;-1;-1;4;4;4;4;4;4;0;0;0;0;0;0;
320110;Thin Beast Bones * 3, Ruin Fragment * 3;15340;1760;-1;-1;-1;-1;3;3;-1;-1;-1;-1;4;4;4;4;4;4;0;0;0;0;0;0;
320120;Thin Beast Bones * 3, Cracked Crystal * 2;15340;20780;-1;-1;-1;-1;3;2;-1;-1;-1;-1;4;4;4;4;4;4;0;0;0;0;0;0;
320130;Thin Beast Bones * 3, Glintstone Firefly * 2, Flight Pinion * 1;15340;20812;15060;-1;-1;-1;3;2;1;-1;-1;-1;4;4;4;4;4;4;0;0;0;0;0;0;
320140;Thin Beast Bones * 3, Glintstone Firefly * 2;15340;20812;-1;-1;-1;-1;3;2;-1;-1;-1;-1;4;4;4;4;4;4;0;0;0;0;0;0;
320150;Thin Beast Bones * 3, Golden Sunflower * 2, Flight Pinion * 1;15340;20683;15060;-1;-1;-1;3;2;1;-1;-1;-1;4;4;4;4;4;4;0;0;0;0;0;0;
320160;Thin Beast Bones * 3, Golden Sunflower * 2;15340;20683;-1;-1;-1;-1;3;2;-1;-1;-1;-1;4;4;4;4;4;4;0;0;0;0;0;0;
320170;Thin Beast Bones * 3, Bloodrose * 1, Flight Pinion * 1;15340;20723;15060;-1;-1;-1;3;1;1;-1;-1;-1;4;4;4;4;4;4;0;0;0;0;0;0;
320180;Thin Beast Bones * 3, Bloodrose * 1;15340;20723;-1;-1;-1;-1;3;1;-1;-1;-1;-1;4;4;4;4;4;4;0;0;0;0;0;0;
320190;Thin Beast Bones * 3, Rimed Crystal Bud * 3, Flight Pinion * 1;15340;20751;15060;-1;-1;-1;3;3;1;-1;-1;-1;4;4;4;4;4;4;0;0;0;0;0;0;
320200;Thin Beast Bones * 3, Rimed Crystal Bud * 3;15340;20751;-1;-1;-1;-1;3;3;-1;-1;-1;-1;4;4;4;4;4;4;0;0;0;0;0;0;
320210;Thin Beast Bones * 3, Flight Pinion * 1, Aeonian Butterfly * 1;15340;-1;15060;-1;20801;-1;3;-1;1;-1;1;-1;4;4;4;4;4;4;0;0;0;0;0;0;
320220;Thin Beast Bones * 3, Aeonian Butterfly * 1;15340;-1;-1;-1;20801;-1;3;-1;-1;-1;1;-1;4;4;4;4;4;4;0;0;0;0;0;0;
321000;Hefty Beast Bone * 1, Flight Pinion * 1;15341;15060;-1;-1;-1;-1;1;1;-1;-1;-1;-1;4;4;4;4;4;4;0;0;0;0;0;0;
321010;Hefty Beast Bone * 1;15341;-1;-1;-1;-1;-1;1;-1;-1;-1;-1;-1;4;4;4;4;4;4;0;0;0;0;0;0;
322000;Thin Beast Bones * 2;15340;-1;-1;-1;-1;-1;2;-1;-1;-1;-1;-1;4;4;4;4;4;4;0;0;0;0;0;0;
322010;Thin Beast Bones * 2, Smoldering Butterfly * 1;15340;20802;-1;-1;-1;-1;2;1;-1;-1;-1;-1;4;4;4;4;4;4;0;0;0;0;0;0;
322020;Thin Beast Bones * 2, Fulgurbloom * 1;15340;20652;-1;-1;-1;-1;2;1;-1;-1;-1;-1;4;4;4;4;4;4;0;0;0;0;0;0;
322030;Thin Beast Bones * 2, Glintstone Firefly * 2;15340;20812;-1;-1;-1;-1;2;2;-1;-1;-1;-1;4;4;4;4;4;4;0;0;0;0;0;0;
322040;Thin Beast Bones * 2, Golden Sunflower * 2;15340;20683;-1;-1;-1;-1;2;2;-1;-1;-1;-1;4;4;4;4;4;4;0;0;0;0;0;0;
322050;Thin Beast Bones * 2, Poisonbloom * 1;15340;20650;-1;-1;-1;-1;2;1;-1;-1;-1;-1;4;4;4;4;4;4;0;0;0;0;0;0;
322060;Thin Beast Bones * 2, Bloodrose * 1;15340;20723;-1;-1;-1;-1;2;1;-1;-1;-1;-1;4;4;4;4;4;4;0;0;0;0;0;0;
322070;Thin Beast Bones * 2, Rimed Crystal Bud * 3;15340;20751;-1;-1;-1;-1;2;3;-1;-1;-1;-1;4;4;4;4;4;4;0;0;0;0;0;0;
322080;Thin Beast Bones * 2, Aeonian Butterfly * 1;15340;-1;-1;-1;20801;-1;2;-1;-1;-1;1;-1;4;4;4;4;4;4;0;0;0;0;0;0;
322090;Thin Beast Bones * 2, Trina's Lily * 1;15340;-1;-1;-1;20651;-1;2;-1;-1;-1;1;-1;4;4;4;4;4;4;0;0;0;0;0;0;
323000;Hefty Beast Bone * 1;15341;-1;-1;-1;-1;-1;1;-1;-1;-1;-1;-1;4;4;4;4;4;4;0;0;0;0;0;0;
900000;Remembrance of the Grafted * 1;2950;-1;-1;-1;-1;-1;1;-1;-1;-1;-1;-1;4;4;4;4;4;4;0;0;0;0;0;0;
900001;Remembrance of the Grafted * 1;2950;-1;-1;-1;-1;-1;1;-1;-1;-1;-1;-1;4;4;4;4;4;4;0;0;0;0;0;0;
900002;Remembrance of the Starscourge * 1;2951;-1;-1;-1;-1;-1;1;-1;-1;-1;-1;-1;4;4;4;4;4;4;0;0;0;0;0;0;
900003;Remembrance of the Starscourge * 1;2951;-1;-1;-1;-1;-1;1;-1;-1;-1;-1;-1;4;4;4;4;4;4;0;0;0;0;0;0;
900004;Remembrance of the Omen King * 1;2952;-1;-1;-1;-1;-1;1;-1;-1;-1;-1;-1;4;4;4;4;4;4;0;0;0;0;0;0;
900005;Remembrance of the Omen King * 1;2952;-1;-1;-1;-1;-1;1;-1;-1;-1;-1;-1;4;4;4;4;4;4;0;0;0;0;0;0;
900006;Remembrance of the Blasphemous * 1;2953;-1;-1;-1;-1;-1;1;-1;-1;-1;-1;-1;4;4;4;4;4;4;0;0;0;0;0;0;
900007;Remembrance of the Blasphemous * 1;2953;-1;-1;-1;-1;-1;1;-1;-1;-1;-1;-1;4;4;4;4;4;4;0;0;0;0;0;0;
900008;Remembrance of the Rot Goddess * 1;2954;-1;-1;-1;-1;-1;1;-1;-1;-1;-1;-1;4;4;4;4;4;4;0;0;0;0;0;0;
900009;Remembrance of the Rot Goddess * 1;2954;-1;-1;-1;-1;-1;1;-1;-1;-1;-1;-1;4;4;4;4;4;4;0;0;0;0;0;0;
900010;Remembrance of the Blood Lord * 1;2955;-1;-1;-1;-1;-1;1;-1;-1;-1;-1;-1;4;4;4;4;4;4;0;0;0;0;0;0;
900011;Remembrance of the Blood Lord * 1;2955;-1;-1;-1;-1;-1;1;-1;-1;-1;-1;-1;4;4;4;4;4;4;0;0;0;0;0;0;
900012;Remembrance of the Black Blade * 1;2956;-1;-1;-1;-1;-1;1;-1;-1;-1;-1;-1;4;4;4;4;4;4;0;0;0;0;0;0;
900013;Remembrance of the Black Blade * 1;2956;-1;-1;-1;-1;-1;1;-1;-1;-1;-1;-1;4;4;4;4;4;4;0;0;0;0;0;0;
900014;Remembrance of Hoarah Loux * 1;2957;-1;-1;-1;-1;-1;1;-1;-1;-1;-1;-1;4;4;4;4;4;4;0;0;0;0;0;0;
900015;Remembrance of Hoarah Loux * 1;2957;-1;-1;-1;-1;-1;1;-1;-1;-1;-1;-1;4;4;4;4;4;4;0;0;0;0;0;0;
900016;Remembrance of the Dragonlord * 1;2958;-1;-1;-1;-1;-1;1;-1;-1;-1;-1;-1;4;4;4;4;4;4;0;0;0;0;0;0;
900017;Remembrance of the Dragonlord * 1;2958;-1;-1;-1;-1;-1;1;-1;-1;-1;-1;-1;4;4;4;4;4;4;0;0;0;0;0;0;
900018;Remembrance of the Full Moon Queen * 1;2959;-1;-1;-1;-1;-1;1;-1;-1;-1;-1;-1;4;4;4;4;4;4;0;0;0;0;0;0;
900019;Remembrance of the Full Moon Queen * 1;2959;-1;-1;-1;-1;-1;1;-1;-1;-1;-1;-1;4;4;4;4;4;4;0;0;0;0;0;0;
900020;Remembrance of the Lichdragon * 1;2960;-1;-1;-1;-1;-1;1;-1;-1;-1;-1;-1;4;4;4;4;4;4;0;0;0;0;0;0;
900021;Remembrance of the Lichdragon * 1;2960;-1;-1;-1;-1;-1;1;-1;-1;-1;-1;-1;4;4;4;4;4;4;0;0;0;0;0;0;
900022;Remembrance of the Fire Giant * 1;2961;-1;-1;-1;-1;-1;1;-1;-1;-1;-1;-1;4;4;4;4;4;4;0;0;0;0;0;0;
900023;Remembrance of the Fire Giant * 1;2961;-1;-1;-1;-1;-1;1;-1;-1;-1;-1;-1;4;4;4;4;4;4;0;0;0;0;0;0;
900024;Remembrance of the Regal Ancestor * 1;2962;-1;-1;-1;-1;-1;1;-1;-1;-1;-1;-1;4;4;4;4;4;4;0;0;0;0;0;0;
900025;Remembrance of the Regal Ancestor * 1;2962;-1;-1;-1;-1;-1;1;-1;-1;-1;-1;-1;4;4;4;4;4;4;0;0;0;0;0;0;
900026;Elden Remembrance * 1;2963;-1;-1;-1;-1;-1;1;-1;-1;-1;-1;-1;4;4;4;4;4;4;0;0;0;0;0;0;
900027;Elden Remembrance * 1;2963;-1;-1;-1;-1;-1;1;-1;-1;-1;-1;-1;4;4;4;4;4;4;0;0;0;0;0;0;
900028;Remembrance of the Naturalborn * 1;2964;-1;-1;-1;-1;-1;1;-1;-1;-1;-1;-1;4;4;4;4;4;4;0;0;0;0;0;0;
900029;Remembrance of the Naturalborn * 1;2964;-1;-1;-1;-1;-1;1;-1;-1;-1;-1;-1;4;4;4;4;4;4;0;0;0;0;0;0;
900100;Drake Knight Helm * 1;60000;-1;-1;-1;-1;-1;1;-1;-1;-1;-1;-1;1;4;4;4;4;4;0;0;0;0;0;0;
900101;Drake Knight Armor * 1;60100;-1;-1;-1;-1;-1;1;-1;-1;-1;-1;-1;1;4;4;4;4;4;0;0;0;0;0;0;
900102;Scaled Armor * 1;80100;-1;-1;-1;-1;-1;1;-1;-1;-1;-1;-1;1;4;4;4;4;4;0;0;0;0;0;0;
900103;Perfumer Robe * 1;90100;-1;-1;-1;-1;-1;1;-1;-1;-1;-1;-1;1;4;4;4;4;4;0;0;0;0;0;0;
900104;Perfumer's Traveling Garb * 1;100100;-1;-1;-1;-1;-1;1;-1;-1;-1;-1;-1;1;4;4;4;4;4;0;0;0;0;0;0;
900105;Spellblade's Traveling Attire * 1;130100;-1;-1;-1;-1;-1;1;-1;-1;-1;-1;-1;1;4;4;4;4;4;0;0;0;0;0;0;
900106;Ronin's Armor * 1;150100;-1;-1;-1;-1;-1;1;-1;-1;-1;-1;-1;1;4;4;4;4;4;0;0;0;0;0;0;
900107;Blaidd's Armor * 1;170100;-1;-1;-1;-1;-1;1;-1;-1;-1;-1;-1;1;4;4;4;4;4;0;0;0;0;0;0;
900108;Black Knife Armor * 1;180100;-1;-1;-1;-1;-1;1;-1;-1;-1;-1;-1;1;4;4;4;4;4;0;0;0;0;0;0;
900109;Briar Armor * 1;210100;-1;-1;-1;-1;-1;1;-1;-1;-1;-1;-1;1;4;4;4;4;4;0;0;0;0;0;0;
900110;Page Garb * 1;220100;-1;-1;-1;-1;-1;1;-1;-1;-1;-1;-1;1;4;4;4;4;4;0;0;0;0;0;0;
900111;Night's Cavalry Helm * 1;230000;-1;-1;-1;-1;-1;1;-1;-1;-1;-1;-1;1;4;4;4;4;4;0;0;0;0;0;0;
900112;Night's Cavalry Armor * 1;230100;-1;-1;-1;-1;-1;1;-1;-1;-1;-1;-1;1;4;4;4;4;4;0;0;0;0;0;0;
900113;Blue Silver Mail Armor * 1;240100;-1;-1;-1;-1;-1;1;-1;-1;-1;-1;-1;1;4;4;4;4;4;0;0;0;0;0;0;
900114;Nomadic Merchant's Finery * 1;250100;-1;-1;-1;-1;-1;1;-1;-1;-1;-1;-1;1;4;4;4;4;4;0;0;0;0;0;0;
900115;Tree Sentinel Armor * 1;270100;-1;-1;-1;-1;-1;1;-1;-1;-1;-1;-1;1;4;4;4;4;4;0;0;0;0;0;0;
900116;Royal Knight Armor * 1;280100;-1;-1;-1;-1;-1;1;-1;-1;-1;-1;-1;1;4;4;4;4;4;0;0;0;0;0;0;
900117;Nox Monk Hood * 1;290000;-1;-1;-1;-1;-1;1;-1;-1;-1;-1;-1;1;4;4;4;4;4;0;0;0;0;0;0;
900118;Nox Monk Armor * 1;290100;-1;-1;-1;-1;-1;1;-1;-1;-1;-1;-1;1;4;4;4;4;4;0;0;0;0;0;0;
900119;Nox Swordstress Crown * 1;292000;-1;-1;-1;-1;-1;1;-1;-1;-1;-1;-1;1;4;4;4;4;4;0;0;0;0;0;0;
900120;Nox Swordstress Armor * 1;292100;-1;-1;-1;-1;-1;1;-1;-1;-1;-1;-1;1;4;4;4;4;4;0;0;0;0;0;0;
900121;Gravekeeper Cloak * 1;310100;-1;-1;-1;-1;-1;1;-1;-1;-1;-1;-1;1;4;4;4;4;4;0;0;0;0;0;0;
900122;Cleanrot Helm * 1;340000;-1;-1;-1;-1;-1;1;-1;-1;-1;-1;-1;1;4;4;4;4;4;0;0;0;0;0;0;
900123;Cleanrot Armor * 1;340100;-1;-1;-1;-1;-1;1;-1;-1;-1;-1;-1;1;4;4;4;4;4;0;0;0;0;0;0;
900124;Depraved Perfumer Robe * 1;540100;-1;-1;-1;-1;-1;1;-1;-1;-1;-1;-1;1;4;4;4;4;4;0;0;0;0;0;0;
900125;All-Knowing Armor * 1;590100;-1;-1;-1;-1;-1;1;-1;-1;-1;-1;-1;1;4;4;4;4;4;0;0;0;0;0;0;
900126;Twinned Armor * 1;600100;-1;-1;-1;-1;-1;1;-1;-1;-1;-1;-1;1;4;4;4;4;4;0;0;0;0;0;0;
900129;Prophet Robe * 1;622100;-1;-1;-1;-1;-1;1;-1;-1;-1;-1;-1;1;4;4;4;4;4;0;0;0;0;0;0;
900130;Astrologer Robe * 1;630100;-1;-1;-1;-1;-1;1;-1;-1;-1;-1;-1;1;4;4;4;4;4;0;0;0;0;0;0;
900131;Lionel's Armor * 1;640100;-1;-1;-1;-1;-1;1;-1;-1;-1;-1;-1;1;4;4;4;4;4;0;0;0;0;0;0;
900132;Hoslow's Armor * 1;650100;-1;-1;-1;-1;-1;1;-1;-1;-1;-1;-1;1;4;4;4;4;4;0;0;0;0;0;0;
900133;Vagabond Knight Armor * 1;660100;-1;-1;-1;-1;-1;1;-1;-1;-1;-1;-1;1;4;4;4;4;4;0;0;0;0;0;0;
900134;War Surgeon Gown * 1;680100;-1;-1;-1;-1;-1;1;-1;-1;-1;-1;-1;1;4;4;4;4;4;0;0;0;0;0;0;
900136;Veteran's Armor * 1;780100;-1;-1;-1;-1;-1;1;-1;-1;-1;-1;-1;1;4;4;4;4;4;0;0;0;0;0;0;
900137;Bloodhound Knight Armor * 1;790100;-1;-1;-1;-1;-1;1;-1;-1;-1;-1;-1;1;4;4;4;4;4;0;0;0;0;0;0;
900138;Festive Hood * 1;800000;-1;-1;-1;-1;-1;1;-1;-1;-1;-1;-1;1;4;4;4;4;4;0;0;0;0;0;0;
900139;Commoner's Garb * 1;810100;-1;-1;-1;-1;-1;1;-1;-1;-1;-1;-1;1;4;4;4;4;4;0;0;0;0;0;0;
900140;Commoner's Simple Garb * 1;812000;-1;-1;-1;-1;-1;1;-1;-1;-1;-1;-1;1;4;4;4;4;4;0;0;0;0;0;0;
900141;Raging Wolf Armor * 1;860100;-1;-1;-1;-1;-1;1;-1;-1;-1;-1;-1;1;4;4;4;4;4;0;0;0;0;0;0;
900142;Land of Reeds Armor * 1;870100;-1;-1;-1;-1;-1;1;-1;-1;-1;-1;-1;1;4;4;4;4;4;0;0;0;0;0;0;
900143;Confessor Hood * 1;880000;-1;-1;-1;-1;-1;1;-1;-1;-1;-1;-1;1;4;4;4;4;4;0;0;0;0;0;0;
900144;Confessor Armor * 1;880100;-1;-1;-1;-1;-1;1;-1;-1;-1;-1;-1;1;4;4;4;4;4;0;0;0;0;0;0;
900145;Finger Maiden Robe * 1;902100;-1;-1;-1;-1;-1;1;-1;-1;-1;-1;-1;1;4;4;4;4;4;0;0;0;0;0;0;
900147;Preceptor's Long Gown * 1;910100;-1;-1;-1;-1;-1;1;-1;-1;-1;-1;-1;1;4;4;4;4;4;0;0;0;0;0;0;
900149;Eccentric's Hood * 1;940000;-1;-1;-1;-1;-1;1;-1;-1;-1;-1;-1;1;4;4;4;4;4;0;0;0;0;0;0;
900150;Fingerprint Armor * 1;950100;-1;-1;-1;-1;-1;1;-1;-1;-1;-1;-1;1;4;4;4;4;4;0;0;0;0;0;0;
900151;Carian Knight Armor * 1;980100;-1;-1;-1;-1;-1;1;-1;-1;-1;-1;-1;1;4;4;4;4;4;0;0;0;0;0;0;
900152;Errant Sorcerer Robe * 1;990100;-1;-1;-1;-1;-1;1;-1;-1;-1;-1;-1;1;4;4;4;4;4;0;0;0;0;0;0;
900153;Gelmir Knight Armor * 1;1760100;-1;-1;-1;-1;-1;1;-1;-1;-1;-1;-1;1;4;4;4;4;4;0;0;0;0;0;0;
900154;Godrick Knight Armor * 1;1770100;-1;-1;-1;-1;-1;1;-1;-1;-1;-1;-1;1;4;4;4;4;4;0;0;0;0;0;0;
900155;Cuckoo Knight Armor * 1;1780100;-1;-1;-1;-1;-1;1;-1;-1;-1;-1;-1;1;4;4;4;4;4;0;0;0;0;0;0;
900156;Leyndell Knight Armor * 1;1790100;-1;-1;-1;-1;-1;1;-1;-1;-1;-1;-1;1;4;4;4;4;4;0;0;0;0;0;0;
900157;Redmane Knight Armor * 1;1800100;-1;-1;-1;-1;-1;1;-1;-1;-1;-1;-1;1;4;4;4;4;4;0;0;0;0;0;0;
900158;Mausoleum Knight Armor * 1;1810100;-1;-1;-1;-1;-1;1;-1;-1;-1;-1;-1;1;4;4;4;4;4;0;0;0;0;0;0;
900159;Haligtree Knight Armor * 1;1820100;-1;-1;-1;-1;-1;1;-1;-1;-1;-1;-1;1;4;4;4;4;4;0;0;0;0;0;0;
900160;High Page Clothes * 1;1990100;-1;-1;-1;-1;-1;1;-1;-1;-1;-1;-1;1;4;4;4;4;4;0;0;0;0;0;0;
900161;Rotten Gravekeeper Cloak * 1;2000100;-1;-1;-1;-1;-1;1;-1;-1;-1;-1;-1;1;4;4;4;4;4;0;0;0;0;0;0;
900162;Beast Champion Armor * 1;720100;-1;-1;-1;-1;-1;1;-1;-1;-1;-1;-1;1;4;4;4;4;4;0;0;0;0;0;0;
900163;Snow Witch Robe * 1;1010100;-1;-1;-1;-1;-1;1;-1;-1;-1;-1;-1;1;4;4;4;4;4;0;0;0;0;0;0;
900164;Crucible Axe Armor * 1;570100;-1;-1;-1;-1;-1;1;-1;-1;-1;-1;-1;1;4;4;4;4;4;0;0;0;0;0;0;
900165;Crucible Tree Armor * 1;571100;-1;-1;-1;-1;-1;1;-1;-1;-1;-1;-1;1;4;4;4;4;4;0;0;0;0;0;0;
900166;Fia's Robe * 1;1940100;-1;-1;-1;-1;-1;1;-1;-1;-1;-1;-1;1;4;4;4;4;4;0;0;0;0;0;0;
900167;Alberich's Pointed Hat * 1;120000;-1;-1;-1;-1;-1;1;-1;-1;-1;-1;-1;1;4;4;4;4;4;0;0;0;0;0;0;
900168;Alberich's Robe * 1;120100;-1;-1;-1;-1;-1;1;-1;-1;-1;-1;-1;1;4;4;4;4;4;0;0;0;0;0;0;
900169;Traveling Maiden Robe * 1;900100;-1;-1;-1;-1;-1;1;-1;-1;-1;-1;-1;1;4;4;4;4;4;0;0;0;0;0;0;
900200;Elden Lord Armor * 1;460100;-1;-1;-1;-1;-1;1;-1;-1;-1;-1;-1;1;4;4;4;4;4;0;0;0;0;0;0;
900201;Radahn's Lion Armor * 1;470100;-1;-1;-1;-1;-1;1;-1;-1;-1;-1;-1;1;4;4;4;4;4;0;0;0;0;0;0;
900202;Lord of Blood's Robe * 1;480100;-1;-1;-1;-1;-1;1;-1;-1;-1;-1;-1;1;4;4;4;4;4;0;0;0;0;0;0;
900203;Maliketh's Armor * 1;760100;-1;-1;-1;-1;-1;1;-1;-1;-1;-1;-1;1;4;4;4;4;4;0;0;0;0;0;0;
900204;Malenia's Armor * 1;770100;-1;-1;-1;-1;-1;1;-1;-1;-1;-1;-1;1;4;4;4;4;4;0;0;0;0;0;0;
900300;Drake Knight Helm (Altered) * 1;61000;-1;-1;-1;-1;-1;1;-1;-1;-1;-1;-1;1;4;4;4;4;4;0;0;0;0;0;0;
900301;Drake Knight Armor (Altered) * 1;61100;-1;-1;-1;-1;-1;1;-1;-1;-1;-1;-1;1;4;4;4;4;4;0;0;0;0;0;0;
900302;Scaled Armor (Altered) * 1;81100;-1;-1;-1;-1;-1;1;-1;-1;-1;-1;-1;1;4;4;4;4;4;0;0;0;0;0;0;
900303;Perfumer Robe (Altered) * 1;91100;-1;-1;-1;-1;-1;1;-1;-1;-1;-1;-1;1;4;4;4;4;4;0;0;0;0;0;0;
900304;Perfumer's Traveling Garb (Altered) * 1;101100;-1;-1;-1;-1;-1;1;-1;-1;-1;-1;-1;1;4;4;4;4;4;0;0;0;0;0;0;
900305;Spellblade's Traveling Attire (Altered) * 1;131100;-1;-1;-1;-1;-1;1;-1;-1;-1;-1;-1;1;4;4;4;4;4;0;0;0;0;0;0;
900306;Ronin's Armor (Altered) * 1;151100;-1;-1;-1;-1;-1;1;-1;-1;-1;-1;-1;1;4;4;4;4;4;0;0;0;0;0;0;
900307;Blaidd's Armor (Altered) * 1;171100;-1;-1;-1;-1;-1;1;-1;-1;-1;-1;-1;1;4;4;4;4;4;0;0;0;0;0;0;
900308;Black Knife Armor (Altered) * 1;181100;-1;-1;-1;-1;-1;1;-1;-1;-1;-1;-1;1;4;4;4;4;4;0;0;0;0;0;0;
900309;Briar Armor (Altered) * 1;211100;-1;-1;-1;-1;-1;1;-1;-1;-1;-1;-1;1;4;4;4;4;4;0;0;0;0;0;0;
900310;Page Garb (Altered) * 1;221100;-1;-1;-1;-1;-1;1;-1;-1;-1;-1;-1;1;4;4;4;4;4;0;0;0;0;0;0;
900311;Night's Cavalry Helm (Altered) * 1;231000;-1;-1;-1;-1;-1;1;-1;-1;-1;-1;-1;1;4;4;4;4;4;0;0;0;0;0;0;
900312;Night's Cavalry Armor (Altered) * 1;231100;-1;-1;-1;-1;-1;1;-1;-1;-1;-1;-1;1;4;4;4;4;4;0;0;0;0;0;0;
900313;Blue Silver Mail Armor (Altered) * 1;241100;-1;-1;-1;-1;-1;1;-1;-1;-1;-1;-1;1;4;4;4;4;4;0;0;0;0;0;0;
900314;Nomadic Merchant's Finery (Altered) * 1;251100;-1;-1;-1;-1;-1;1;-1;-1;-1;-1;-1;1;4;4;4;4;4;0;0;0;0;0;0;
900315;Tree Sentinel Armor (Altered) * 1;271100;-1;-1;-1;-1;-1;1;-1;-1;-1;-1;-1;1;4;4;4;4;4;0;0;0;0;0;0;
900316;Royal Knight Armor (Altered) * 1;281100;-1;-1;-1;-1;-1;1;-1;-1;-1;-1;-1;1;4;4;4;4;4;0;0;0;0;0;0;
900317;Nox Monk Hood (Altered) * 1;291000;-1;-1;-1;-1;-1;1;-1;-1;-1;-1;-1;1;4;4;4;4;4;0;0;0;0;0;0;
900318;Nox Monk Armor (Altered) * 1;291100;-1;-1;-1;-1;-1;1;-1;-1;-1;-1;-1;1;4;4;4;4;4;0;0;0;0;0;0;
900319;Nox Swordstress Crown (Altered) * 1;294000;-1;-1;-1;-1;-1;1;-1;-1;-1;-1;-1;1;4;4;4;4;4;0;0;0;0;0;0;
900320;Nox Swordstress Armor (Altered) * 1;294100;-1;-1;-1;-1;-1;1;-1;-1;-1;-1;-1;1;4;4;4;4;4;0;0;0;0;0;0;
900321;Gravekeeper Cloak (Altered) * 1;311100;-1;-1;-1;-1;-1;1;-1;-1;-1;-1;-1;1;4;4;4;4;4;0;0;0;0;0;0;
900322;Cleanrot Helm (Altered) * 1;341000;-1;-1;-1;-1;-1;1;-1;-1;-1;-1;-1;1;4;4;4;4;4;0;0;0;0;0;0;
900323;Cleanrot Armor (Altered) * 1;341100;-1;-1;-1;-1;-1;1;-1;-1;-1;-1;-1;1;4;4;4;4;4;0;0;0;0;0;0;
900324;Depraved Perfumer Robe (Altered) * 1;541100;-1;-1;-1;-1;-1;1;-1;-1;-1;-1;-1;1;4;4;4;4;4;0;0;0;0;0;0;
900325;All-Knowing Armor (Altered) * 1;591100;-1;-1;-1;-1;-1;1;-1;-1;-1;-1;-1;1;4;4;4;4;4;0;0;0;0;0;0;
900326;Twinned Armor (Altered) * 1;601100;-1;-1;-1;-1;-1;1;-1;-1;-1;-1;-1;1;4;4;4;4;4;0;0;0;0;0;0;
900329;Prophet Robe (Altered) * 1;621100;-1;-1;-1;-1;-1;1;-1;-1;-1;-1;-1;1;4;4;4;4;4;0;0;0;0;0;0;
900330;Astrologer Robe (Altered) * 1;631100;-1;-1;-1;-1;-1;1;-1;-1;-1;-1;-1;1;4;4;4;4;4;0;0;0;0;0;0;
900331;Lionel's Armor (Altered) * 1;641100;-1;-1;-1;-1;-1;1;-1;-1;-1;-1;-1;1;4;4;4;4;4;0;0;0;0;0;0;
900332;Hoslow's Armor (Altered) * 1;652100;-1;-1;-1;-1;-1;1;-1;-1;-1;-1;-1;1;4;4;4;4;4;0;0;0;0;0;0;
900333;Vagabond Knight Armor (Altered) * 1;661100;-1;-1;-1;-1;-1;1;-1;-1;-1;-1;-1;1;4;4;4;4;4;0;0;0;0;0;0;
900334;War Surgeon Gown (Altered) * 1;681100;-1;-1;-1;-1;-1;1;-1;-1;-1;-1;-1;1;4;4;4;4;4;0;0;0;0;0;0;
900336;Veteran's Armor (Altered) * 1;781100;-1;-1;-1;-1;-1;1;-1;-1;-1;-1;-1;1;4;4;4;4;4;0;0;0;0;0;0;
900337;Bloodhound Knight Armor (Altered) * 1;791100;-1;-1;-1;-1;-1;1;-1;-1;-1;-1;-1;1;4;4;4;4;4;0;0;0;0;0;0;
900338;Festive Hood (Altered) * 1;801000;-1;-1;-1;-1;-1;1;-1;-1;-1;-1;-1;1;4;4;4;4;4;0;0;0;0;0;0;
900339;Commoner's Garb (Altered) * 1;811100;-1;-1;-1;-1;-1;1;-1;-1;-1;-1;-1;1;4;4;4;4;4;0;0;0;0;0;0;
900340;Commoner's Simple Garb (Altered) * 1;812100;-1;-1;-1;-1;-1;1;-1;-1;-1;-1;-1;1;4;4;4;4;4;0;0;0;0;0;0;
900341;Raging Wolf Armor (Altered) * 1;861100;-1;-1;-1;-1;-1;1;-1;-1;-1;-1;-1;1;4;4;4;4;4;0;0;0;0;0;0;
900342;Land of Reeds Armor (Altered) * 1;871100;-1;-1;-1;-1;-1;1;-1;-1;-1;-1;-1;1;4;4;4;4;4;0;0;0;0;0;0;
900343;Confessor Hood (Altered) * 1;881000;-1;-1;-1;-1;-1;1;-1;-1;-1;-1;-1;1;4;4;4;4;4;0;0;0;0;0;0;
900344;Confessor Armor (Altered) * 1;881100;-1;-1;-1;-1;-1;1;-1;-1;-1;-1;-1;1;4;4;4;4;4;0;0;0;0;0;0;
900345;Finger Maiden Robe (Altered) * 1;903100;-1;-1;-1;-1;-1;1;-1;-1;-1;-1;-1;1;4;4;4;4;4;0;0;0;0;0;0;
900347;Preceptor's Long Gown (Altered) * 1;911100;-1;-1;-1;-1;-1;1;-1;-1;-1;-1;-1;1;4;4;4;4;4;0;0;0;0;0;0;
900349;Eccentric's Hood (Altered) * 1;941000;-1;-1;-1;-1;-1;1;-1;-1;-1;-1;-1;1;4;4;4;4;4;0;0;0;0;0;0;
900350;Fingerprint Armor (Altered) * 1;951100;-1;-1;-1;-1;-1;1;-1;-1;-1;-1;-1;1;4;4;4;4;4;0;0;0;0;0;0;
900351;Carian Knight Armor (Altered) * 1;981100;-1;-1;-1;-1;-1;1;-1;-1;-1;-1;-1;1;4;4;4;4;4;0;0;0;0;0;0;
900352;Errant Sorcerer Robe (Altered) * 1;991100;-1;-1;-1;-1;-1;1;-1;-1;-1;-1;-1;1;4;4;4;4;4;0;0;0;0;0;0;
900353;Gelmir Knight Armor (Altered) * 1;1761100;-1;-1;-1;-1;-1;1;-1;-1;-1;-1;-1;1;4;4;4;4;4;0;0;0;0;0;0;
900354;Godrick Knight Armor (Altered) * 1;1771100;-1;-1;-1;-1;-1;1;-1;-1;-1;-1;-1;1;4;4;4;4;4;0;0;0;0;0;0;
900355;Cuckoo Knight Armor (Altered) * 1;1781100;-1;-1;-1;-1;-1;1;-1;-1;-1;-1;-1;1;4;4;4;4;4;0;0;0;0;0;0;
900356;Leyndell Knight Armor (Altered) * 1;1791100;-1;-1;-1;-1;-1;1;-1;-1;-1;-1;-1;1;4;4;4;4;4;0;0;0;0;0;0;
900357;Redmane Knight Armor (Altered) * 1;1801100;-1;-1;-1;-1;-1;1;-1;-1;-1;-1;-1;1;4;4;4;4;4;0;0;0;0;0;0;
900358;Mausoleum Knight Armor (Altered) * 1;1811100;-1;-1;-1;-1;-1;1;-1;-1;-1;-1;-1;1;4;4;4;4;4;0;0;0;0;0;0;
900359;Haligtree Knight Armor (Altered) * 1;1821100;-1;-1;-1;-1;-1;1;-1;-1;-1;-1;-1;1;4;4;4;4;4;0;0;0;0;0;0;
900360;High Page Clothes (Altered) * 1;1991100;-1;-1;-1;-1;-1;1;-1;-1;-1;-1;-1;1;4;4;4;4;4;0;0;0;0;0;0;
900361;Rotten Gravekeeper Cloak (Altered) * 1;2001100;-1;-1;-1;-1;-1;1;-1;-1;-1;-1;-1;1;4;4;4;4;4;0;0;0;0;0;0;
900362;Beast Champion Armor (Altered) * 1;721100;-1;-1;-1;-1;-1;1;-1;-1;-1;-1;-1;1;4;4;4;4;4;0;0;0;0;0;0;
900363;Snow Witch Robe (Altered) * 1;1011100;-1;-1;-1;-1;-1;1;-1;-1;-1;-1;-1;1;4;4;4;4;4;0;0;0;0;0;0;
900364;Crucible Axe Armor (Altered) * 1;572100;-1;-1;-1;-1;-1;1;-1;-1;-1;-1;-1;1;4;4;4;4;4;0;0;0;0;0;0;
900365;Crucible Tree Armor (Altered) * 1;573100;-1;-1;-1;-1;-1;1;-1;-1;-1;-1;-1;1;4;4;4;4;4;0;0;0;0;0;0;
900366;Fia's Robe (Altered) * 1;1941100;-1;-1;-1;-1;-1;1;-1;-1;-1;-1;-1;1;4;4;4;4;4;0;0;0;0;0;0;
900367;Alberich's Pointed Hat (Altered) * 1;121000;-1;-1;-1;-1;-1;1;-1;-1;-1;-1;-1;1;4;4;4;4;4;0;0;0;0;0;0;
900368;Alberich's Robe (Altered) * 1;121100;-1;-1;-1;-1;-1;1;-1;-1;-1;-1;-1;1;4;4;4;4;4;0;0;0;0;0;0;
900369;Traveling Maiden Robe (Altered) * 1;901100;-1;-1;-1;-1;-1;1;-1;-1;-1;-1;-1;1;4;4;4;4;4;0;0;0;0;0;0;
900400;Elden Lord Armor (Altered) * 1;461100;-1;-1;-1;-1;-1;1;-1;-1;-1;-1;-1;1;4;4;4;4;4;0;0;0;0;0;0;
900401;Radahn's Lion Armor (Altered) * 1;471100;-1;-1;-1;-1;-1;1;-1;-1;-1;-1;-1;1;4;4;4;4;4;0;0;0;0;0;0;
900402;Lord of Blood's Robe (Altered) * 1;481100;-1;-1;-1;-1;-1;1;-1;-1;-1;-1;-1;1;4;4;4;4;4;0;0;0;0;0;0;
900403;Maliketh's Armor (Altered) * 1;761100;-1;-1;-1;-1;-1;1;-1;-1;-1;-1;-1;1;4;4;4;4;4;0;0;0;0;0;0;
900404;Malenia's Armor (Altered) * 1;771100;-1;-1;-1;-1;-1;1;-1;-1;-1;-1;-1;1;4;4;4;4;4;0;0;0;0;0;0;
